wb2;1;ANDRADE GUTIERREZ;
wb2;2;TELEMAR;
wb2;3;ETAM;
wb2;4;TIM;
wb2;5;OI;
wb2;6;AMAZONAS ENERGIA;
wb2;7;PMM;
wb2;8;PROAMA;
wb2;9;ADA;
wb2;10;HECA;
wb2;11;CLIENTE;
wb3;3450503;3243176;0;0;Pendente;Pendente;17/05/2013;17/05/2013;0;REATERRO DE VALA;;prox:fuchico fone:36810793/92200673cliente inf que existe um vazamento na rede em frente ao seu imovel e esta prejudicando a estrutura do seu imovel. favor verificar urgente !;0;;R. C, 21-489 - Parque 10 de Novembro;Parque 10 de Novembro I;;1;0;;1;13;1;Equipe 1;1;2;84310283;Celular 1;28/08/2013;wb020130828_010_002_000001_0001.csv;22:51:32;38;;;;;;;;;;;-3.078143;-59.993510
wb3;3454115;3253207;0;0;Pendente;Pendente;20/05/2013;20/05/2013;0;REATERRO DE VALA;;SOLICITANTE EQUIPE: DANIEL_HEDEN_M.A;0;;Alameda Cosme Ferreira, 1877 - Aleixo;Aleixo;;1;0;;1;7;1;Equipe 1;1;2;84310283;Celular 1;28/08/2013;wb020130828_010_002_000001_0001.csv;22:51:32;21;;;;;;;;;;;-3.081100;-59.976944
wb3;3455405;3252616;0;0;Pendente;Pendente;20/05/2013;20/05/2013;0;CORTE;;;0;;R. São Francisco, 104-132 - Coroado;Coroado;;1;0;;1;16;1;Equipe 1;1;2;84310283;Celular 1;28/08/2013;wb020130828_010_002_000001_0001.csv;22:51:32;51;;;;;;;;;;;-3.086200;-59.976515
wb3;3455424;3254751;0;0;Pendente;Pendente;20/05/2013;20/05/2013;0;RELIGACAO;;LIder GermanEqp Alexandre / Fernando - PREMIUN;0;;Av. Efigênio Salles, 2452-2470 - Aleixo;Aleixo;;1;0;;1;17;1;Equipe 1;1;2;84310283;Celular 1;28/08/2013;wb020130828_010_002_000001_0001.csv;22:51:32;61;;;;;;;;;;;-3.089542;-59.994582
wb3;3455464;3255924;0;0;Pendente;Pendente;21/05/2013;21/05/2013;0;SUPRESSAO;;VALA 1. 0,96 X 0,30 X 0,30;0;;Av. Grande Circular, 4050-4196 - Cidade Nova;Cidade Nova;;1;0;;1;14;1;Equipe 1;1;2;84310283;Celular 1;28/08/2013;wb020130828_010_002_000001_0001.csv;22:51:32;43;;;;;;;;;;;-3.078272;-59.955914
wb3;3455470;3255888;0;0;Pendente;Pendente;21/05/2013;21/05/2013;0;INSTALACAO DE HIDROMETRO;;SOLICITANTE ARNALDO_DELZIMAR;0;;R. Careiro, 296 - São José Operário;São José Operário;;1;0;;1;12;1;Equipe 1;1;2;84310283;Celular 1;28/08/2013;wb020130828_010_002_000001_0001.csv;22:51:32;33;;;;;;;;;;;-3.071972;-59.955356
wb3;3455472;3253356;0;0;Pendente;Pendente;21/05/2013;21/05/2013;0;SUBSTITUICAO DE HIDROMETRO;;denunciante informa que neste local esta havendo um vazamento muito intenso, favor verificar.rua 260 n18 nucleo 23 qd:450px campo;0;;R. 06, 157 - Aleixo;Aleixo;;1;0;;1;4;1;Equipe 1;1;2;84310283;Celular 1;28/08/2013;wb020130828_010_002_000001_0001.csv;22:51:32;11;;;;;;;;;;;-3.074372;-59.973896
wb3;3455681;3254639;0;0;Pendente;Pendente;21/05/2013;21/05/2013;0;VAZAMENTO NA REDE;;sra Taina filhacliente informa vazamento de grande proporCAo na rua de sua residencia por favor verificar com urgencia situaCAo no local.ref: por tras da esplana da grande circular e padaria amarelinha;0;;R. Do Sesi, 108-1058 - São José Operório;Sáo José Operário;;1;0;;1;5;1;Equipe 1;1;2;84310283;Celular 1;28/08/2013;wb020130828_010_002_000001_0001.csv;22:51:32;19;;;;;;;;;;;-3.072787;-59.960163
wb3;3455699;3256547;0;0;Pendente;Pendente;21/05/2013;21/05/2013;0;VAZAMENTO NO CAVALETE;;2,30X1,70X0,70;0;;R. Ajubicaba, 2-12 - Aleixo;Aleixo;;1;0;;1;21;1;Equipe 1;1;2;84310283;Celular 1;28/08/2013;wb020130828_010_002_000001_0001.csv;22:51:32;74;;;;;;;;;;;-3.083671;-59.982951
wb3;3456118;3256144;0;0;Pendente;Pendente;21/05/2013;21/05/2013;0;REATERRO DE VALA;;CDC - FAVOR VERIFICAR COM URGENCIA. PROX. AO CAMPO DE FUTEBOL. FONE 9225.2845 ASSESSOR DEPUTADO MARCOS ROTTA;0;;Av. das Flores, 368 - Aleixo;Aleixo;;1;0;;1;3;1;Equipe 1;1;2;84310283;Celular 1;28/08/2013;wb020130828_010_002_000001_0001.csv;22:51:32;4;;;;;;;;;;;-3.077029;-59.977672
wb3;3456160;3235290;0;0;Pendente;Pendente;21/05/2013;21/05/2013;0;REATERRO DE VALA;;sr pierricliente informa vaz na rua, fvr verif.prox: igreja santa monica na principal, seg rua a direita apos a igreja. (antiga rua 27)E ultima casa da rua.fone: 9100-3689;0;;R. Urucum, 309-513 - Coroado;Coroado;;1;0;;1;9;1;Equipe 1;1;2;84310283;Celular 1;28/08/2013;wb020130828_010_002_000001_0001.csv;22:51:32;25;;;;;;;;;;;-3.079129;-59.966986
wb3;3456221;3257025;0;0;Pendente;Pendente;21/05/2013;21/05/2013;0;REATERRO DE VALA;;4,20x1,30x1,30;0;;R. Dom Bosco, 96 - Coroado;Coroado;;1;0;;1;11;1;Equipe 1;1;2;84310283;Celular 1;28/08/2013;wb020130828_010_002_000001_0001.csv;22:51:32;32;;;;;;;;;;;-3.090485;-59.985397
wb3;3456241;3256236;0;0;Pendente;Pendente;21/05/2013;21/05/2013;0;REATERRO DE VALA;;SOLICITACAO: PMM;0;;R. Ouro Preto, 308 - Coroado;Coroado;;1;0;;1;8;1;Equipe 1;1;2;84310283;Celular 1;28/08/2013;wb020130828_010_002_000001_0001.csv;22:51:32;23;;;;;;;;;;;-3.087357;-59.983466
wb3;3456274;3256587;0;0;Pendente;Pendente;21/05/2013;21/05/2013;0;REATERRO DE VALA;;LIder GermanEqp Joaz / ZEnilton - MANAM;0;;R. Lauro Vicuna, 186 - Coroado;Coroado;;1;0;;1;6;1;Equipe 1;1;2;84310283;Celular 1;28/08/2013;wb020130828_010_002_000001_0001.csv;22:51:32;20;;;;;;;;;;;-3.085900;-59.973638
wb3;3456441;3253151;0;0;Pendente;Pendente;21/05/2013;21/05/2013;0;REATERRO DE VALA;;sra: joeliza/ inquilinacliente informa dois vazamentosprox: mercadinho da vale outro vazamento casa 61fone: 9474-0608;0;;R. Rita Barbosa, 116-178 - Coroado;Coroado;;1;0;;1;20;1;Equipe 1;1;2;84310283;Celular 1;28/08/2013;wb020130828_010_002_000001_0001.csv;22:51:32;72;;;;;;;;;;;-3.082429;-59.971278
wb3;3456656;3254325;0;0;Pendente;Pendente;21/05/2013;21/05/2013;0;REATERRO DE VALA;;sra Micheline inquilinacliente informa vazamento forte em frente a sua resideencia por favor verificar com urgencia situaCAo no localref: convivencia da familia;0;;Av. das Flores, 57-129 - Aleixo;Aleixo;;1;0;;1;10;1;Equipe 1;1;2;84310283;Celular 1;28/08/2013;wb020130828_010_002_000001_0001.csv;22:51:32;31;;;;;;;;;;;-3.078915;-59.975913
wb3;3456680;3256912;0;0;Pendente;Pendente;21/05/2013;21/05/2013;0;REATERRO DE VALA;;Bl 14 - entrada b - joao bosco torquato - rede;0;;R. B, 2-242 - Aleixo;Aleixo;;1;0;;1;1;1;Equipe 1;1;2;84310283;Celular 1;28/08/2013;wb020130828_010_002_000001_0001.csv;22:51:32;1;;;;;;;;;;;-3.086585;-59.995525
wb3;3456687;3255713;0;0;Pendente;Pendente;21/05/2013;21/05/2013;0;REATERRO DE VALA;;nr 09 Lado do Ponto do GuaranA;0;;Av. Paulo VI, 32-36 - Petrópolis;Petrópolis;;1;0;;1;19;1;Equipe 1;1;2;84310283;Celular 1;28/08/2013;wb020130828_010_002_000001_0001.csv;22:51:32;71;;;;;;;;;;;-3.103255;-59.993980
wb3;3456691;3257450;0;0;Pendente;Pendente;21/05/2013;21/05/2013;0;REATERRO DE VALA;;SOLICITANTE EQUIPE: NEURI_NILLER;0;;R. Ouro Preto, 264 - Coroado;Coroado;;1;0;;1;2;1;Equipe 1;1;2;84310283;Celular 1;28/08/2013;wb020130828_010_002_000001_0001.csv;22:51:32;2;;;;;;;;;;;-3.087400;-59.983766
wb3;3456706;3253415;0;0;Pendente;Pendente;22/05/2013;22/05/2013;0;REATERRO DE VALA;;cliente informa que estar com forte vazamento favor verificar em campo,prox:perto do banco do bradesco,fone:2216917;0;;R. Severiano Nunes, 302-942 - Aleixo;Aleixo;;1;0;;1;15;1;Equipe 1;1;2;84310283;Celular 1;28/08/2013;wb020130828_010_002_000001_0001.csv;22:51:32;47;;;;;;;;;;;-3.097127;-60.002992
wb3;3456709;3256256;0;0;Pendente;Pendente;22/05/2013;22/05/2013;0;REATERRO DE VALA;;SR. MOISES, ESPOSO.CLIENTE INFORMA QUE ESTA HAVENDO UM VAZAMENTO MUITO INTENSO, FAVOR VERIFICAR. PROX:EM FRENTE AO ESCADAO. TEL:93530940;0;;Av. Constelação, 246-344 - Aleixo;Aleixo;;1;0;;1;18;1;Equipe 1;1;2;84310283;Celular 1;28/08/2013;wb020130828_010_002_000001_0001.csv;22:51:32;66;;;;;;;;;;;-3.093913;-60.001533
wb4;1;PRESSAO;
wb4;2;OUTROS;
wb4;3;RETRABALHO;
wb4;4;QUALIDADE MATERIAL;
wb4;5;ASSENTAMENTO RUIM;
wb4;6;SERVIÇO DE REATERRO;
wa5;1;1/2;
wa5;2;3/4;
wa5;3;20;
wa5;4;25;
wa5;5;32;
wa5;6;40;
wa5;7;50;
wa5;8;60;
wa5;9;63;
wa5;10;75;
wa5;11;85;
wa5;12;100;
wa5;13;110;
wa5;14;125;
wa5;15;140;
wa5;16;150;
wa5;17;160;
wa5;18;200;
wa5;19;250;
wa5;20;300;
wa5;21;350;
wa5;22;400;
wa5;23;450;
wa5;24;500;
wa5;25;550;
wa5;26;600;
wa5;27;700;
wa5;28;800;
wa5;29;900;
wa5;30;1000;
wa5;31;1200;
wa5;32;1250;
wa5;33;1300;
wa5;34;1500;
wa8;1;RUA;
wa8;2;SOLO BRUTO;
wa8;3;CALÇADA;
wa6;1;CANCELAMENTO PELA EMPRESA;
wa6;2;CONCLUSAO DO SERVICO;
wa6;3;DEBITO PAGO;
wa6;4;DESISTENCIA DO USUARIO;
wa6;5;DUPLICIDADE DE SOLICITACAO;
wa6;6;FALTA DE PAGAMENTO;
wa6;7;IMOVEL DEMOLIDO;
wa6;8;INVIABILIDADE TECNICA;
wa6;9;NAO PERMITIDO PELO USUARIO;
wa6;10;CODIGO SERVICO ERRADO;
wa6;11;IMOVEL NAO LOCALIZADO;
wa6;12;INDEFERIDO-CONSUMO CONFIRMADO;
wa6;13;VERACID. PAGTO. NAO CONFIRMADA;
wa6;16;INDEFERIDO-AREA SUPERIOR 60M2;
wa6;17;INDEFERIDO-ENERGIA ACIMA 80KWH;
wa6;18;INDEFERIDO-RENDA SUP. AO S.M.;
wa6;19;INDEFERIDO-CONS. AGUA SUP.10M3;
wa6;20;INDEFERIDO-CASA DE VERANEIO;
wa6;21;INDEFERIDO-IMOVEL COMERCIAL;
wa6;22;INDEFERIDO-IMOVEL INDUSTRIAL;
wa6;23;INDEFERIDO-IMOVEL PUBLICO;
wa6;24;IMOVEL ABANDONADO;
wa6;26;IMOVEL DESOCUPADO;
wa6;27;SERVICO JA  EXECUTADO;
wa6;28;IMOVEL FECHADO;
wa6;29;RAMAL NAO LOCALIZADO;
wa6;30;DEBITO CANCELADO/POR PAGTO NAO REGISTRADO;
wa6;31;CONTAS PARA REVISAO;
wa6;32;CANCELADO POR DECURSO DE PRAZO;
wa6;53;TARIFA SOCIAL ALTERADA;
wa6;68;SUSPENSO POR PAG, PARC OU CANC;
wa6;99;OUTROS;
wa7;5803;ABRAÇADEIRA FoFo CEGA DN 1000MM;1;Unidade;
wa7;5804;ABRAÇADEIRA FoFo CEGA DN 100MM;1;Unidade;
wa7;5805;ABRAÇADEIRA FoFo CEGA DN 1200MM;1;Unidade;
wa7;5806;ABRAÇADEIRA FoFo CEGA DN 1250MM;1;Unidade;
wa7;5807;ABRAÇADEIRA FoFo CEGA DN 150MM;1;Unidade;
wa7;5800;ABRAÇADEIRA FoFo CEGA DN 200MM;1;Unidade;
wa7;5808;ABRAÇADEIRA FoFo CEGA DN 250MM;1;Unidade;
wa7;5809;ABRAÇADEIRA FoFo CEGA DN 300MM;1;Unidade;
wa7;5810;ABRAÇADEIRA FoFo CEGA DN 350MM;1;Unidade;
wa7;5811;ABRAÇADEIRA FoFo CEGA DN 400MM;1;Unidade;
wa7;5812;ABRAÇADEIRA FoFo CEGA DN 450MM;1;Unidade;
wa7;5813;ABRAÇADEIRA FoFo CEGA DN 500MM;1;Unidade;
wa7;5814;ABRAÇADEIRA FoFo CEGA DN 50MM;1;Unidade;
wa7;5801;ABRAÇADEIRA FoFo CEGA DN 550MM;1;Unidade;
wa7;5815;ABRAÇADEIRA FoFo CEGA DN 600MM;1;Unidade;
wa7;5816;ABRAÇADEIRA FoFo CEGA DN 700MM;1;Unidade;
wa7;5817;ABRAÇADEIRA FoFo CEGA DN 75MM;1;Unidade;
wa7;5818;ABRAÇADEIRA FoFo CEGA DN 800MM;1;Unidade;
wa7;5880;ADAPT. COMPRESSAO R/MACHO DE 32MMX1";1;Unidade;
wa7;5877;ADAPT. COMPRESSAO R/MACHO DE 32MMX3/4";1;Unidade;
wa7;5879;ADAPT. COMPRESSÃO FLAN  DE 110MMX100MM;1;Unidade;
wa7;5878;ADAPT. COMPRESSÃO FLAN DE 63MMX50MM;1;Unidade;
wa7;5834;ADAPT. COMPRESSÃO R/FÊMEA DE 110MMX4";1;Unidade;
wa7;5822;ADAPT. COMPRESSÃO R/FÊMEA DE 20MMX1/2";1;Unidade;
wa7;5844;ADAPT. COMPRESSÃO R/FÊMEA DE 20MMX3/4";1;Unidade;
wa7;5845;ADAPT. COMPRESSÃO R/FÊMEA DE 20MMX3/4";1;Unidade;
wa7;5833;ADAPT. COMPRESSÃO R/FÊMEA DE 32MMX1";1;Unidade;
wa7;3793;ADAPT. COMPRESSÃO R/FÊMEA DE 63MMX2";1;Unidade;
wa7;5860;ADAPT. COMPRESSÃO R/FÊMEA DE 90MMX 3";1;Unidade;
wa7;5846;ADAPT. COMPRESSÃO R/MACHO DE 20MMX1/2";1;Unidade;
wa7;3474;ADAPT. COMPRESSÃO R/MACHO DE 25MMX1/2";1;Unidade;
wa7;4093;ADAPT. COMPRESSÃO R/MACHO DE 25MMX3/4";1;Unidade;
wa7;4689;ADAPT. COMPRESSÃO R/MACHO DE 63MMX2";1;Unidade;
wa7;5852;ADAPT. FLANGEADO DN 250MM;1;Unidade;
wa7;5368;ADAPT. FLEGELADO DN 150MM;1;Unidade;
wa7;5861;ADAPT. FoFo BF JE DE 250MM;1;Unidade;
wa7;5859;ADAPT. FoFo FB JE DE 300MMX350MM;1;Unidade;
wa7;5821;ADAPT. FoFo FB JE DE 600MMX500MM;1;Unidade;
wa7;5862;ADAPT. FoFo FF JE DE 100MMX100MM;1;Unidade;
wa7;5863;ADAPT. FoFo FF JE DE 107,2MMX133,2MM;1;Unidade;
wa7;5864;ADAPT. FoFo FF JE DE 132,2MMX160,2MM;1;Unidade;
wa7;5865;ADAPT. FoFo FF JE DE 192,2MMX226,9MM;1;Unidade;
wa7;5866;ADAPT. FoFo FF JE DE 388,1MMX102,4MM;1;Unidade;
wa7;5867;ADAPT. FoFo FF JE DE 418,2MMX435,2MM;1;Unidade;
wa7;5868;ADAPT. FoFo FF JE DE 476MMX493,00MM;1;Unidade;
wa7;5869;ADAPT. FoFo FF JE DE 527MMX544,0MM;1;Unidade;
wa7;5871;ADAPT. FoFo FF JE DE 59,50MMX72,00MM;1;Unidade;
wa7;5870;ADAPT. FoFo FF JE DE 59,5MMX72,00MM;1;Unidade;
wa7;5872;ADAPT. FoFo FF JE DE 63,0MMX83,7MM;1;Unidade;
wa7;5873;ADAPT. FoFo FF JE DE 630,5MMX647,5MM;1;Unidade;
wa7;5874;ADAPT. FoFo FF JE DE 85,7MMX107,00MM;1;Unidade;
wa7;5875;ADAPT. FoFo PB PVC JE PB JE DE 85MM;1;Unidade;
wa7;4455;ADAPT. MAXFIT FLAN DE 300MM;1;Unidade;
wa7;5835;ADAPT. MAXIDAPTOR DE 374.5MMX381.5MM;1;Unidade;
wa7;5876;ADAPT. MAXIVIC 315X332MM;1;Unidade;
wa7;5847;ADAPT. MAXIVIC FLAN DE 2181MMX235MM;1;Unidade;
wa7;5902;ADAPT. MAXIVIC FLAN DE 272MMX289MM;1;Unidade;
wa7;5838;ADAPT. MAXIVIC FLAN DE 400MMX435MM;1;Unidade;
wa7;5836;ADAPT. MAXIVIC FLAN DE 6X6";1;Unidade;
wa7;5837;ADAPT. MAXIVIC FLAN DE 7"X7";1;Unidade;
wa7;5713;ADAPT. MAXIVIC FLAN DN 200MM;1;Unidade;
wa7;5329;ADAPT. MAXIVIC FLAN DN 80MM;1;Unidade;
wa7;4214;ADAPT. MEGA FLAN DE 140MM;1;Unidade;
wa7;5848;ADAPT. MEGA FLAN DE 158,2X192;1;Unidade;
wa7;5840;ADAPT. MEGA FLAN DE 266.2MMX300.2MM;1;Unidade;
wa7;5841;ADAPT. MEGA FLAN DE 315MMX349MM;1;Unidade;
wa7;3054;ADAPT. MEGA FLAN DN 100MM;1;Unidade;
wa7;5839;ADAPT. MEGA FLANG 218.1MMX252.1MM;1;Unidade;
wa7;5883;ADAPT. PVC P/ FºFº DE 300MM;1;Unidade;
wa7;5884;ADAPT. PVC PB JE JS PB JR DN 110MM;1;Unidade;
wa7;5885;ADAPT. PVC PB JE JS PB JR DN 150MM;1;Unidade;
wa7;5886;ADAPT. PVC PB JE JS PB JR DN 50MM;1;Unidade;
wa7;5890;ADAPT. PVC PB JE PB FoFo DE 75MM;1;Unidade;
wa7;5887;ADAPT. PVC PB JE PB FoFo DN 200MM;1;Unidade;
wa7;5888;ADAPT. PVC PB JE PB FoFo DN 250MM;1;Unidade;
wa7;5891;ADAPT. PVC PB JE PB FoFo DN100MM;1;Unidade;
wa7;5892;ADAPT. PVC PB JE PB FoFo DN150MM;1;Unidade;
wa7;5893;ADAPT. PVC SR DE 20MMX1/2";1;Unidade;
wa7;5895;ADAPT. PVC SR DE 25MMX3/4";1;Unidade;
wa7;5896;ADAPT. PVC SR DE 32MMX1';1;Unidade;
wa7;5897;ADAPT. PVC SR DE 40MMX1.1/4";1;Unidade;
wa7;5898;ADAPT. PVC SR DE 50MMX1.1/2";1;Unidade;
wa7;5899;ADAPT. PVC SR DE 60MMX2';1;Unidade;
wa7;5900;ADAPT. PVC SR DE 85MMX3';1;Unidade;
wa7;5894;ADAPT. PVC SR DN 110MMX4";1;Unidade;
wa7;5901;ADESIVO PARA PVC 75 GR;1;Unidade;
wa7;3532;ANEL DE BORRACHA PVC DE 25MM;1;Unidade;
wa7;5944;ANEL DE BORRACHA TUBO DE PVC DE 100MM;1;Unidade;
wa7;5909;ANEL DE BORRACHA TUBO DEFOFO JE DN 100MM;1;Unidade;
wa7;5910;ANEL DE BORRACHA TUBO DEFOFO JE DN 150MM;1;Unidade;
wa7;5911;ANEL DE BORRACHA TUBO DEFOFO JE DN 200MM;1;Unidade;
wa7;5912;ANEL DE BORRACHA TUBO DEFOFO JE DN 250MM;1;Unidade;
wa7;5913;ANEL DE BORRACHA TUBO DEFOFO JE DN 300MM;1;Unidade;
wa7;5940;ANEL DE BORRACHA TUBO EDRA DE 300MM;1;Unidade;
wa7;5941;ANEL DE BORRACHA TUBO EDRA DE 400MM;1;Unidade;
wa7;5942;ANEL DE BORRACHA TUBO EDRA DE 500MM;1;Unidade;
wa7;5914;ANEL DE BORRACHA TUBO FºFº DN 1000MM;1;Unidade;
wa7;5915;ANEL DE BORRACHA TUBO FºFº DN 100MM;1;Unidade;
wa7;5916;ANEL DE BORRACHA TUBO FºFº DN 1200MM;1;Unidade;
wa7;5917;ANEL DE BORRACHA TUBO FºFº DN 150MM;1;Unidade;
wa7;5918;ANEL DE BORRACHA TUBO FºFº DN 200MM;1;Unidade;
wa7;5919;ANEL DE BORRACHA TUBO FºFº DN 250MM;1;Unidade;
wa7;5920;ANEL DE BORRACHA TUBO FºFº DN 300MM;1;Unidade;
wa7;5921;ANEL DE BORRACHA TUBO FºFº DN 350MM;1;Unidade;
wa7;5922;ANEL DE BORRACHA TUBO FºFº DN 400MM;1;Unidade;
wa7;5923;ANEL DE BORRACHA TUBO FºFº DN 450MM;1;Unidade;
wa7;5924;ANEL DE BORRACHA TUBO FºFº DN 500MM;1;Unidade;
wa7;5925;ANEL DE BORRACHA TUBO FºFº DN 50MM;1;Unidade;
wa7;5926;ANEL DE BORRACHA TUBO FºFº DN 550MM;1;Unidade;
wa7;5927;ANEL DE BORRACHA TUBO FºFº DN 600MM;1;Unidade;
wa7;5939;ANEL DE BORRACHA TUBO FºFº DN 700MM;1;Unidade;
wa7;5928;ANEL DE BORRACHA TUBO FºFº DN 75MM;1;Unidade;
wa7;5929;ANEL DE BORRACHA TUBO FºFº DN 800MM;1;Unidade;
wa7;5937;ANEL DE BORRACHA TUBO PVC JE DN 110MM;1;Unidade;
wa7;5930;ANEL DE BORRACHA TUBO PVC JE DN 140MM;1;Unidade;
wa7;5128;ANEL DE BORRACHA TUBO PVC JE DN 160MM;1;Unidade;
wa7;5931;ANEL DE BORRACHA TUBO PVC JE DN 160MM;1;Unidade;
wa7;5932;ANEL DE BORRACHA TUBO PVC JE DN 200MM;1;Unidade;
wa7;5933;ANEL DE BORRACHA TUBO PVC JE DN 250MM;1;Unidade;
wa7;5934;ANEL DE BORRACHA TUBO PVC JE DN 300MM;1;Unidade;
wa7;4274;ANEL DE BORRACHA TUBO PVC JE DN 350MM;1;Unidade;
wa7;2132;ANEL DE BORRACHA TUBO PVC JE DN 40MM;1;Unidade;
wa7;5945;ANEL DE BORRACHA TUBO PVC JE DN 50MM;1;Unidade;
wa7;35;ANEL DE BORRACHA TUBO PVC JE DN 60MM;1;Unidade;
wa7;5935;ANEL DE BORRACHA TUBO PVC JE DN 75MM;1;Unidade;
wa7;5947;ANEL DE BORRACHA TUBO PVC JE DN 85MM;1;Unidade;
wa7;5948;ANEL DE REFORÇO P/ JUNÇÃO DN 1000MM;1;Unidade;
wa7;5949;ANEL DE REFORÇO P/ JUNÇÃO DN 1200MM;1;Unidade;
wa7;5950;ANEL DE REFORÇO´P/ PONTA FLANGE DE 400MM;1;Unidade;
wa7;5951;ANEL DE REFORÇO´P/ PONTA FLANGE DE 500MM;1;Unidade;
wa7;5954;ANEL DE VEDAÇÃO PARA TUBETE DE 1/2";1;Unidade;
wa7;8930;ANEL ORING - 17,04 X 3,43;1;Unidade;
wa7;8933;APLICADOR FLEX. 1,70CM P/ SUPRESSÃO AGUA;1;Unidade;
wa7;5955;ARRUELA BORRACHA SBR FLANGE DN 1000MM;1;Unidade;
wa7;5971;ARRUELA BORRACHA SBR FLANGE DN 100MM;1;Unidade;
wa7;5956;ARRUELA BORRACHA SBR FLANGE DN 1200MM;1;Unidade;
wa7;5972;ARRUELA BORRACHA SBR FLANGE DN 1500MM;1;Unidade;
wa7;5989;ARRUELA BORRACHA SBR FLANGE DN 150MM;1;Unidade;
wa7;5957;ARRUELA BORRACHA SBR FLANGE DN 200MM;1;Unidade;
wa7;5973;ARRUELA BORRACHA SBR FLANGE DN 250MM;1;Unidade;
wa7;5958;ARRUELA BORRACHA SBR FLANGE DN 300MM;1;Unidade;
wa7;5959;ARRUELA BORRACHA SBR FLANGE DN 400MM;1;Unidade;
wa7;5960;ARRUELA BORRACHA SBR FLANGE DN 450MM;1;Unidade;
wa7;5961;ARRUELA BORRACHA SBR FLANGE DN 500MM;1;Unidade;
wa7;5974;ARRUELA BORRACHA SBR FLANGE DN 50MM;1;Unidade;
wa7;5996;ARRUELA BORRACHA SBR FLANGE DN 600MM;1;Unidade;
wa7;5976;ARRUELA BORRACHA SBR FLANGE DN 700MM;1;Unidade;
wa7;5997;ARRUELA BORRACHA SBR FLANGE DN 800MM;1;Unidade;
wa7;5979;ARRUELA BORRACHA SBR FLANGE DN 900MM;1;Unidade;
wa7;5992;ARRUELA FoFo LISA DN 1";1;Unidade;
wa7;5993;ARRUELA FoFo LISA DN 1/2";1;Unidade;
wa7;5994;ARRUELA FoFo LISA DN 3/4";1;Unidade;
wa7;5995;ARRUELA FoFo LISA DN 5/8";1;Unidade;
wa7;5710;ARUELA DE BARRACHA DE 200 MM;1;Unidade;
wa7;51;BARRA ROSCADA DE 3/4";1;Unidade;
wa7;53;BARRA ROSCADA DE 5/8";1;Unidade;
wa7;8928;BIG-BAG;1;Unidade;
wa7;5998;BORRACHA LENÇOL LONADA DE 1/8" x 2 mts;1;Unidade;
wa7;5999;BORRACHA LENÇOL LONADA DN 4,8MM X 2,0M;1;Unidade;
wa7;2752;BUCHA DE REDUCAO LONGA PVC 60MMX32MM;1;Unidade;
wa7;6053;BUCHA DE REDUÇÃO CURTA PVC 60MMX50MM;1;Unidade;
wa7;6054;BUCHA DE REDUÇÃO CURTA PVC 75MMX60MM;1;Unidade;
wa7;6013;BUCHA DE REDUÇÃO LONGA PVC 110MMX60MM;1;Unidade;
wa7;6014;BUCHA DE REDUÇÃO LONGA PVC 110MMX75MM;1;Unidade;
wa7;6019;BUCHA DE REDUÇÃO LONGA PVC 32MMX20MM;1;Unidade;
wa7;6034;BUCHA DE REDUÇÃO LONGA PVC 40MMX32MM;1;Unidade;
wa7;6035;BUCHA DE REDUÇÃO LONGA PVC 60MMX40MM;1;Unidade;
wa7;6015;BUCHA DE REDUÇÃO LONGA PVC 75MMX50MM;1;Unidade;
wa7;6016;BUCHA DE REDUÇÃO LONGA PVC 85MMX60MM;1;Unidade;
wa7;6044;BUCHA DE REDUÇÃO PVC C/ROSCA DE 1"X3/4";1;Unidade;
wa7;6040;BUCHA DE REDUÇÃO PVC C/ROSCA DE 1.1/2"X1";1;Unidade;
wa7;6038;BUCHA DE REDUÇÃO PVC C/ROSCA DE 1.1/2"X1.1/4";1;Unidade;
wa7;6039;BUCHA DE REDUÇÃO PVC C/ROSCA DE 1.1/2"X3/4";1;Unidade;
wa7;6036;BUCHA DE REDUÇÃO PVC C/ROSCA DE 1.1/4" X 1";1;Unidade;
wa7;6043;BUCHA DE REDUÇÃO PVC C/ROSCA DE 1.1/4"X3/4";1;Unidade;
wa7;6037;BUCHA DE REDUÇÃO PVC C/ROSCA DE 1X1/2";1;Unidade;
wa7;6045;BUCHA DE REDUÇÃO PVC C/ROSCA DE 2"X1";1;Unidade;
wa7;6046;BUCHA DE REDUÇÃO PVC C/ROSCA DE 2"X1.1/2";1;Unidade;
wa7;6047;BUCHA DE REDUÇÃO PVC C/ROSCA DE 2"X1.1/4";1;Unidade;
wa7;6048;BUCHA DE REDUÇÃO PVC C/ROSCA DE 2.1/2"X1.1/2";1;Unidade;
wa7;6049;BUCHA DE REDUÇÃO PVC C/ROSCA DE 2.1/2"X2";1;Unidade;
wa7;6020;BUCHA DE REDUÇÃO PVC C/ROSCA DE 3/4"X1/2";1;Unidade;
wa7;6018;BUCHA DE REDUÇÃO PVC C/ROSCA DE 4"X3";1;Unidade;
wa7;6050;BUCHA DE REDUÇÃOPVC C/ROSCA DE 3"X2";1;Unidade;
wa7;8934;CAIXA PRETA G-3150 PEQUENA;1;Unidade;
wa7;6055;CAIXA PROTEÇÃO P/CAVALETES DÁGUA EM PP;1;Unidade;
wa7;6057;CAP DE COMPRESSÃO ZCP 110MM;1;Unidade;
wa7;6058;CAP DE COMPRESSÃO ZCP 20MM;1;Unidade;
wa7;6059;CAP DE COMPRESSÃO ZCP 32MM;1;Unidade;
wa7;6056;CAP DE COMPRESSÃO ZCP 63MM;1;Unidade;
wa7;6061;CAP DE PVC C/ ROSCA DE 1.1/2";1;Unidade;
wa7;6063;CAP DE PVC C/ROSCA DE 1";1;Unidade;
wa7;6062;CAP DE PVC C/ROSCA DE 1.1/4";1;Unidade;
wa7;6064;CAP DE PVC C/ROSCA DE 1/2";1;Unidade;
wa7;6065;CAP DE PVC C/ROSCA DE 2";1;Unidade;
wa7;6066;CAP DE PVC C/ROSCA DE 3";1;Unidade;
wa7;6067;CAP DE PVC C/ROSCA DE 3/4";1;Unidade;
wa7;6060;CAP DE PVC C/ROSCA DE 4";1;Unidade;
wa7;6079;CAP DE PVC JE DE 100 MM;1;Unidade;
wa7;6083;CAP DE PVC JE DE 110MM;1;Unidade;
wa7;6084;CAP DE PVC JE DE 140MM;1;Unidade;
wa7;6082;CAP DE PVC JE DE 160MM;1;Unidade;
wa7;3373;CAP DE PVC JE DE 50MM;1;Unidade;
wa7;6085;CAP DE PVC JE DE 60MM;1;Unidade;
wa7;6086;CAP DE PVC JE DE 75MM;1;Unidade;
wa7;6087;CAP DE PVC JE DE 85MM;1;Unidade;
wa7;6088;CAP DE PVC SOLDAVEL DE 110MM;1;Unidade;
wa7;6068;CAP DE PVC SOLDAVEL DE 20MM;1;Unidade;
wa7;6071;CAP DE PVC SOLDAVEL DE 25MM;1;Unidade;
wa7;6072;CAP DE PVC SOLDAVEL DE 32MM;1;Unidade;
wa7;6073;CAP DE PVC SOLDAVEL DE 40MM;1;Unidade;
wa7;6074;CAP DE PVC SOLDAVEL DE 50MM;1;Unidade;
wa7;6069;CAP DE PVC SOLDAVEL DE 60MM;1;Unidade;
wa7;6070;CAP DE PVC SOLDAVEL DE 85MM;1;Unidade;
wa7;6091;CAPSULA DE 1" PARA SUPRESSÃO ETA;1;Unidade;
wa7;8935;CAPSULA DE 1/2" PARA SUPRESSÃO;1;Unidade;
wa7;8936;CAPSULA DE 3/4" PARA SUPRESSÃO;1;Unidade;
wa7;6105;CARRETEL C/FLANGE F°F° DN 1000NN;1;Unidade;
wa7;6111;CARRETEL C/FLANGE F°F° DN 100NN;1;Unidade;
wa7;6104;CARRETEL C/FLANGE F°F° DN 1200NN;1;Unidade;
wa7;6112;CARRETEL C/FLANGE F°F° DN 150NN;1;Unidade;
wa7;6093;CARRETEL C/FLANGE F°F° DN 200NN;1;Unidade;
wa7;6106;CARRETEL C/FLANGE F°F° DN 250NN;1;Unidade;
wa7;6110;CARRETEL C/FLANGE F°F° DN 500NN;1;Unidade;
wa7;6107;CARRETEL C/FLANGE F°F° DN 50NN;1;Unidade;
wa7;6092;CARRETEL C/FLANGE F°F° DN 80NN;1;Unidade;
wa7;6114;CHAVE EASY RAMAL 110MM;1;Unidade;
wa7;6118;COLAR DE TOMADA FºFº DE 100MMX1/2";1;Unidade;
wa7;6145;COLAR DE TOMADA FºFº DE 110MMX3/4";1;Unidade;
wa7;3872;COLAR DE TOMADA FºFº DE 140MMX1/2";1;Unidade;
wa7;6121;COLAR DE TOMADA FºFº DE 150MM X 3/4";1;Unidade;
wa7;6143;COLAR DE TOMADA FºFº DE 150MMX1/2";1;Unidade;
wa7;1612;COLAR DE TOMADA FºFº DE 160MMX1/2";1;Unidade;
wa7;6123;COLAR DE TOMADA FºFº DE 200MMX1/2";1;Unidade;
wa7;6122;COLAR DE TOMADA FºFº DE 200MMX3/4";1;Unidade;
wa7;6128;COLAR DE TOMADA FºFº DE 250MMX1";1;Unidade;
wa7;4809;COLAR DE TOMADA FºFº DE 250MMX1/2";1;Unidade;
wa7;6120;COLAR DE TOMADA FºFº DE 250MMX1/2";1;Unidade;
wa7;6141;COLAR DE TOMADA FºFº DE 250MMX3/4";1;Unidade;
wa7;6129;COLAR DE TOMADA FºFº DE 300MMX1";1;Unidade;
wa7;6124;COLAR DE TOMADA FºFº DE 300MMX1/2";1;Unidade;
wa7;6125;COLAR DE TOMADA FºFº DE 300MMX3/4";1;Unidade;
wa7;6144;COLAR DE TOMADA FºFº DE100MMX3/4";1;Unidade;
wa7;6130;COLAR DE TOMADA PVC C/ TRAVAS 160MMX1";1;Unidade;
wa7;6146;COLAR DE TOMADA PVC C/TRAVA 110MMX1/2";1;Unidade;
wa7;6147;COLAR DE TOMADA PVC C/TRAVA 110MMX3/4";1;Unidade;
wa7;6131;COLAR DE TOMADA PVC C/TRAVAS 160MMX2";1;Unidade;
wa7;6132;COLAR DE TOMADA PVC C/TRAVAS 32MMX3/4";1;Unidade;
wa7;6133;COLAR DE TOMADA PVC C/TRAVAS 40MMX1/2";1;Unidade;
wa7;6134;COLAR DE TOMADA PVC C/TRAVAS 40MMX3/4";1;Unidade;
wa7;6135;COLAR DE TOMADA PVC C/TRAVAS 50MMX1/2";1;Unidade;
wa7;6136;COLAR DE TOMADA PVC C/TRAVAS 50MMX3/4";1;Unidade;
wa7;6116;COLAR DE TOMADA PVC C/TRAVAS 60MMX1/2";1;Unidade;
wa7;6137;COLAR DE TOMADA PVC C/TRAVAS 75MMX1/2";1;Unidade;
wa7;6117;COLAR DE TOMADA PVC C/TRAVAS 75MMX3/4";1;Unidade;
wa7;6138;COLAR DE TOMADA PVC C/TRAVAS 85MMX1/2";1;Unidade;
wa7;6149;COLARINHO DE PEAD DE 110MM;1;Unidade;
wa7;6150;COLARINHO DE PEAD DE 160MM;1;Unidade;
wa7;6151;COLARINHO DE PEAD DE 63MM;1;Unidade;
wa7;6152;CONEXÃO DO HIDRÔMETRO (CAPSULANO);1;Unidade;
wa7;6153;CONEXÃO SAIDA DAGUA P/ CAIXA;1;Unidade;
wa7;6166;CRUZETA FºFº C/B JE 150MM;1;Unidade;
wa7;6168;CRUZETA FºFº JE 400MM;1;Unidade;
wa7;6172;CRUZETA PVC JE C/B 110MMX110MM ;1;Unidade;
wa7;6189;CRUZETA PVC JE DE 110MMX60MM;1;Unidade;
wa7;6188;CRUZETA PVC JE DE 160MMX100MM;1;Unidade;
wa7;6187;CRUZETA PVC JE DE 200MMX60MM;1;Unidade;
wa7;6174;CRUZETA PVC JE DE 60MMX60MM;1;Unidade;
wa7;6175;CRUZETA PVC JE DE 85MMX85MM;1;Unidade;
wa7;6178;CRUZETA PVC PB JE 110MMX110MM;1;Unidade;
wa7;6176;CRUZETA PVC PB JE 140MMX140MM;1;Unidade;
wa7;6177;CRUZETA PVC PB JE 160MMX160MM;1;Unidade;
wa7;6161;CRUZETA RED. FºFº 160 MMX60MM;1;Unidade;
wa7;6162;CRUZETA RED. FºFº C/ FLANGE 100MMX50MM;1;Unidade;
wa7;6191;CURVA 45° COM FLANGE DN 300MM;1;Unidade;
wa7;6227;CURVA 45° FºFº C/FLANGE DN 150MM;1;Unidade;
wa7;6258;CURVA 45º C/BOLSA JM DN 1000 MM;1;Unidade;
wa7;6262;CURVA 45º COM FLANGE DN 800MM;1;Unidade;
wa7;6268;CURVA 45º FºFº C/FLANGE 200MM;1;Unidade;
wa7;6266;CURVA 45º FºFº C/FLANGE DN 250MM;1;Unidade;
wa7;6238;CURVA 45º FºFº C/FLANGE DN 400MM;1;Unidade;
wa7;6512;CURVA 45º FºFº JE DN 350MM;1;Unidade;
wa7;6273;CURVA 45º FºFº JE JGS DN 500;1;Unidade;
wa7;6275;CURVA 45º FºFº JE JGS DN 700MM;1;Unidade;
wa7;6276;CURVA 45º FºFº JM DN 600MM;1;Unidade;
wa7;6289;CURVA 45º PRFV DEFOFO JE BB DN 1200MM;1;Unidade;
wa7;6290;CURVA 45º PRFV DEFOFO JE BB DN 500MM;1;Unidade;
wa7;6291;CURVA 45º PRFV DEFOFO JE BB DN 700MM;1;Unidade;
wa7;6292;CURVA 45º PRFV DEFOFO JE BB DN 800MM;1;Unidade;
wa7;6539;CURVA 45º PVC C/PB JE DN 110 MM;1;Unidade;
wa7;6265;CURVA 45º PVC PB JE DN 100MM;1;Unidade;
wa7;6321;CURVA 90° COM FLANGE DN 300MM;1;Unidade;
wa7;4204;CURVA 90° COMPRESSAO DE 20MMX1/2";1;Unidade;
wa7;4203;CURVA 90° COMPRESSAO DE 20MMX3/4";1;Unidade;
wa7;6554;CURVA 90° SOLDAVEL DN 110 MM;1;Unidade;
wa7;6391;CURVA 90º C/ FLANGE DN 600MM;1;Unidade;
wa7;6479;CURVA 90º C/ FLANGE DN 700 MM;1;Unidade;
wa7;6396;CURVA 90º C/FLANGE DN 450MM;1;Unidade;
wa7;6357;CURVA 90º COM FLANGE DN 1000MM;1;Unidade;
wa7;6402;CURVA 90º COM PONTAS DN 1000MM;1;Unidade;
wa7;6406;CURVA 90º COM PONTAS DN 700MM;1;Unidade;
wa7;6428;CURVA 90º FºFº C/FLANGE 200MM;1;Unidade;
wa7;6432;CURVA 90º FºFº C/FLANGE 50MM;1;Unidade;
wa7;6426;CURVA 90º FºFº C/FLANGE DN 100MM;1;Unidade;
wa7;6427;CURVA 90º FºFº C/FLANGE DN 150MM;1;Unidade;
wa7;6436;CURVA 90º FºFº C/FLANGE DN 250MM;1;Unidade;
wa7;6437;CURVA 90º FºFº C/FLANGE DN 350MM;1;Unidade;
wa7;6431;CURVA 90º FºFº C/FLANGE DN 400MM;1;Unidade;
wa7;6438;CURVA 90º FºFº COM FLANGE DN 800 MM;1;Unidade;
wa7;6439;CURVA 90º FºFº FLANGE DN 500MM;1;Unidade;
wa7;6522;CURVA 90º FºFº JE DE 75MM;1;Unidade;
wa7;6456;CURVA 90º PRFV DEFOFO JE BB DN 600MM;1;Unidade;
wa7;6457;CURVA 90º PRFV DEFOFO JE BB DN 800MM;1;Unidade;
wa7;6540;CURVA 90º PVC C/PB JE DN 110MM;1;Unidade;
wa7;6459;CURVA 90º PVC C/PB JE DN 160MM;1;Unidade;
wa7;4562;CURVA 90º PVC C/PB JE DN 50MM;1;Unidade;
wa7;6463;CURVA 90º PVC C/ROSCA DE 1.1/2";1;Unidade;
wa7;6465;CURVA 90º PVC C/ROSCA DE 1/2";1;Unidade;
wa7;6466;CURVA 90º PVC C/ROSCA DE 3/4";1;Unidade;
wa7;6467;CURVA 90º PVC IRRIGA LF PB DN 75MM;1;Unidade;
wa7;6548;CURVA 90º PVC SOLDAVEL 25MM;1;Unidade;
wa7;6549;CURVA 90º PVC SOLDAVEL 32MM;1;Unidade;
wa7;6547;CURVA 90º PVC SOLDAVEL DN 20MM;1;Unidade;
wa7;6555;CURVA 90º SOLDAVEL DN 50 MM;1;Unidade;
wa7;6496;CURVA DE PVC 40MM;1;Unidade;
wa7;6532;CURVA PVC  45°C/ JE DE 140MM;1;Unidade;
wa7;6536;CURVA PVC 22º C/PB 85MM;1;Unidade;
wa7;6538;CURVA PVC 45º C/PB JE DE 85MM;1;Unidade;
wa7;6537;CURVA PVC 45º C/PB JE DN 60MM;1;Unidade;
wa7;6541;CURVA PVC 90º C/PB JE DE 140MM;1;Unidade;
wa7;6543;CURVA PVC 90º C/PB JE DE 85MM;1;Unidade;
wa7;6542;CURVA PVC 90º C/PB JE DN 60MM;1;Unidade;
wa7;6550;CURVA PVC 90º SOLDAVEL DN 60MM;1;Unidade;
wa7;6563;EASY RAMAL DN 100MMX20MM;1;Unidade;
wa7;6564;EASY RAMAL DN 110MMX20MM;1;Unidade;
wa7;6561;EASY RAMAL DN 60MMX20MM;1;Unidade;
wa7;3812;EASY RAMAL DN 63MMX1/2MM;1;Unidade;
wa7;1112;EASY RAMAL DN 63MMX20MM;1;Unidade;
wa7;15869;EASY RAMAL DN 75MM;1;Unidade;
wa7;6562;EASY RAMAL DN 85 MMX 20MM;1;Unidade;
wa7;6589;EXTREMIDADE AÇO PF 1500MM;1;Unidade;
wa7;6596;EXTREMIDADE AÇO PF DN 50MM;1;Unidade;
wa7;4456;EXTREMIDADE DE 300MM;1;Unidade;
wa7;6619;EXTREMIDADE DN 100MM;1;Unidade;
wa7;6624;EXTREMIDADE DN 110MM;1;Unidade;
wa7;6620;EXTREMIDADE DN 150MM;1;Unidade;
wa7;6621;EXTREMIDADE DN 200MM;1;Unidade;
wa7;6603;EXTREMIDADE DN 250MM;1;Unidade;
wa7;6639;EXTREMIDADE DN 400MM;1;Unidade;
wa7;6625;EXTREMIDADE FoFo PB JE PF PVC DN 160MM;1;Unidade;
wa7;6628;EXTREMIDADE FoFo PB JE PF PVC DN 60MM;1;Unidade;
wa7;6641;EXTREMIDADE FoFo PF DN 450MM;1;Unidade;
wa7;6643;EXTREMIDADE FoFo PF DN 500MM;1;Unidade;
wa7;6644;EXTREMIDADE FoFo PF DN 600MM;1;Unidade;
wa7;6645;EXTREMIDADE FoFo PF DN 700MM;1;Unidade;
wa7;6646;EXTREMIDADE FoFo PF DN 900MM;1;Unidade;
wa7;6614;EXTREMIDADE FºFº BF 140MM;1;Unidade;
wa7;6616;EXTREMIDADE FºFº DN 75MM;1;Unidade;
wa7;6617;EXTREMIDADE FºFº DN 85MM;1;Unidade;
wa7;6648;EXTREMIDADE FºFº P/FLANGE DN 1000MM;1;Unidade;
wa7;6651;EXTREMIDADE FºFº P/FLANGE DN 800MM;1;Unidade;
wa7;6630;EXTREMIDADE FºFº PBA C/FLANGE DN 80MM;1;Unidade;
wa7;6632;EXTREMIDADE FºFº PF DN 1200MM;1;Unidade;
wa7;6638;EXTREMIDADE FºFº PF DN 350MM ETA;1;Unidade;
wa7;6675;FITA VEDANTE JR DN 18MMX50M;1;Unidade;
wa7;8937;FITA ZEBRADA AMARELO E PRETO C/ LOGOTIPO;1;Unidade;
wa7;1133;FUSO DE REGISTRO;1;Unidade;
wa7;6752;GUARNIÇÃO BORRACHA PARA TUBETE DE 1";1;Unidade;
wa7;6750;GUARNIÇÃO BORRACHA PARA TUBETE DE 1/2";1;Unidade;
wa7;6751;GUARNIÇÃO BORRACHA PARA TUBETE DE 3/4";1;Unidade;
wa7;6753;HIDRANTE DE COLUNA COMPLETO   100MM;1;Unidade;
wa7;6754;HIDRO EJETOR 3 100KG/H CONTRA FLANGE;1;Unidade;
wa7;6755;HIDROM.MULTIJATO 2"C/ VAZÃO MAX 30M3/H;1;Unidade;
wa7;6756;HIDROM.UNIJATO CLASSE B 3m3/h 1/2"COMPL;1;Unidade;
wa7;6757;HIDROM.UNIJATO CLASSE B 3m3/h 3/4 COMPL.;1;Unidade;
wa7;6758;HIDROM.WOLTIMAN2" 30M³/H C/CONTRA FLANGE;1;Unidade;
wa7;4624;HIDROMETRO BRONZE 1/2 X1,5M³ /H S/ CONEX;1;Unidade;
wa7;4828;HIDROMETRO BRONZE/LATAO DN 1.1/2 POL;1;Unidade;
wa7;4623;HIDROMETRO BRONZE/LATAO DN 1POL X 10M³/H;1;Unidade;
wa7;6762;HIDROMETRO BRONZE/LATÃO DN 1/2"X1,5M3/H;1;Unidade;
wa7;4868;HIDROMETRO FºFº DN 3 POL 80MM;1;Unidade;
wa7;6765;HIDROMETRO FºFº DN 4pol X 10M³/H;1;Unidade;
wa7;6767;HIDROMETRO FºFº DN 6pol X 1,5M³/H;1;Unidade;
wa7;6768;HIDROMETRO LEIT.DIR. 3/4" X 3M3;1;Unidade;
wa7;90;HIDROMETRO MULTIJATO 1.1/2";1;Unidade;
wa7;6770;HIDROMETRO MULTIJATO 2";1;Unidade;
wa7;6776;HIDROMETRO MULTIJATO IG IV DE 7 X 1";1;Unidade;
wa7;6802;HIDROMETRO WOLTIMAN HORIZONTAL 4" COMPLE;1;Unidade;
wa7;4644;HIDROMETRO WOLTIMAN M 50MM;1;Unidade;
wa7;6769;HIDRÔMETRO MONOJATO CLASSE "C-1.1/2" MAG;1;Unidade;
wa7;6771;HIDRÔMETRO MULTIJATO 3/4"X3M3;1;Unidade;
wa7;6772;HIDRÔMETRO MULTIJATO CLASSE "C"-1/2"-MAG;1;Unidade;
wa7;6773;HIDRÔMETRO MULTIJATO CLASSE "C"-1/2"-MEC;1;Unidade;
wa7;6774;HIDRÔMETRO MULTIJATO CLASSE "C"-3/4"-MAG;1;Unidade;
wa7;6775;HIDRÔMETRO MULTIJATO CLASSE "C"-3/4"-MEC;1;Unidade;
wa7;6777;HIDRÔMETRO UNIJATO  CLASSE "C-1" MAGNET;1;Unidade;
wa7;6778;HIDRÔMETRO UNIJATO  CLASSE "C-2" MAGNET;1;Unidade;
wa7;6779;HIDRÔMETRO UNIJATO  CLASSE "C-3" MAGNET;1;Unidade;
wa7;6780;HIDRÔMETRO UNIJATO  CLASSE "C-4" MAGNET;1;Unidade;
wa7;6781;HIDRÔMETRO UNIJATO 1/2 MAG..ANTI-FRAUDE;1;Unidade;
wa7;6782;HIDRÔMETRO UNIJATO CLASSE "C"-1/2"-MAGNÉ;1;Unidade;
wa7;6783;HIDRÔMETRO UNIJATO CLASSE "C"-1/2"-MECAN;1;Unidade;
wa7;6784;HIDRÔMETRO UNIJATO CLASSE "C"-3/4"-MAG;1;Unidade;
wa7;6785;HIDRÔMETRO UNIJATO CLASSE "C"-3/4"-MECAN;1;Unidade;
wa7;6786;HIDRÔMETRO VELOCIM. 3/4 MAG..ANTI-FRAUDE;1;Unidade;
wa7;6787;HIDRÔMETRO VELOCIM. MULTIJATO MAG. 1";1;Unidade;
wa7;6788;HIDRÔMETRO VELOCIM. MULTIJATO MAG. 1.1/2;1;Unidade;
wa7;6790;HIDRÔMETRO VELOCIM. MULTIJATO MAG. 1/2;1;Unidade;
wa7;6791;HIDRÔMETRO VELOCIM. MULTIJATO MAG. 2";1;Unidade;
wa7;6793;HIDRÔMETRO VELOCIM. MULTIJATO MAG. 3/4;1;Unidade;
wa7;6794;HIDRÔMETRO VELOCIM. UNIJATO MAGNET. 1/2;1;Unidade;
wa7;6795;HIDRÔMETRO VELOCIMETRICO UNIJATO DE 3/4;1;Unidade;
wa7;6796;HIDRÔMETRO VOLUMETRICO  1";1;Unidade;
wa7;6797;HIDRÔMETRO VOLUMETRICO CLASSE "C-1/2"MAG;1;Unidade;
wa7;6798;HIDRÔMETRO VOLUMETRICO CLASSE "C-1/2"MEC;1;Unidade;
wa7;6801;HIDRÔMETRO VOLUMETRICO CLASSE "C-3/4"MAG;1;Unidade;
wa7;6804;HIDRÔMETRO WOLTMAN  150MM CLASSE B;1;Unidade;
wa7;6805;HIDRÔMETRO WOLTMAN  200MM CLASSE B;1;Unidade;
wa7;6806;HIDRÔMETRO WOLTMAN  250MM CLASSE B;1;Unidade;
wa7;6807;HIDRÔMETRO WOLTMAN  50MM CLASSE B;1;Unidade;
wa7;6808;HIDRÔMETRO WOLTMAN  50MM CLASSE C;1;Unidade;
wa7;6809;HIDRÔMETRO WOLTMAN  80MM CLASSE B;1;Unidade;
wa7;6810;HIDRÔMETRO WOLTMAN 100 MM CLASSE B;1;Unidade;
wa7;6811;HIDRÔMETROVOLUMETRICO  1.1/2";1;Unidade;
wa7;6812;HIDRÔMETROVOLUMETRICO  1.1/4";1;Unidade;
wa7;6813;HIDRÔMETROVOLUMETRICO  1/2";1;Unidade;
wa7;2232;JOELHO 90° DE COMPRESSAO 20MM;1;Unidade;
wa7;6818;JOELHO 90º DE COMPRESSÃO DN 32MM;1;Unidade;
wa7;6841;JOELHO 90º DE COMPRESSÃO R/MACHO 20MMX1/2";1;Unidade;
wa7;6840;JOELHO 90º DE COMPRESSÃO R/MACHO 20MMX3/4";1;Unidade;
wa7;6839;JOELHO 90º DE COMPRESSÃO R/MACHO 32MM X 1";1;Unidade;
wa7;6816;JOELHO 90º DE COMPRESSÃO ZGP DN 110MM;1;Unidade;
wa7;6820;JOELHO 90º DE COMPRESSÃO ZGP DN 63MM;1;Unidade;
wa7;6847;JOELHO 90º PVC C/ROSCA DE 1"X3/4";1;Unidade;
wa7;6821;JOELHO 90º PVC C/ROSCA DE 3/4"X1/2";1;Unidade;
wa7;6822;JOELHO 90º PVC JR  DN 3/4";1;Unidade;
wa7;6825;JOELHO 90º PVC JR DE 1.1/4";1;Unidade;
wa7;6827;JOELHO 90º PVC JR DE 2";1;Unidade;
wa7;6829;JOELHO 90º PVC JR DE 3";1;Unidade;
wa7;6823;JOELHO 90º PVC JR DN 1 ";1;Unidade;
wa7;6824;JOELHO 90º PVC JR DN 1.1/2";1;Unidade;
wa7;6826;JOELHO 90º PVC JR DN 1/2";1;Unidade;
wa7;6828;JOELHO 90º PVC JR DN 2.1/2";1;Unidade;
wa7;6831;JOELHO 90º PVC SOLDAVEL DE 20MM;1;Unidade;
wa7;6830;JOELHO 90º PVC SOLDAVEL DE 25MM;1;Unidade;
wa7;6846;JOELHO 90º PVC SOLDAVEL DE 32MM;1;Unidade;
wa7;6832;JOELHO 90º PVC SOLDAVEL DE 40MM;1;Unidade;
wa7;6833;JOELHO 90º PVC SOLDAVEL DE 50MM;1;Unidade;
wa7;6834;JOELHO 90º PVC SOLDAVEL DE 60MM;1;Unidade;
wa7;6836;JOELHO 90º PVC SR DE 20MMX1/2";1;Unidade;
wa7;6837;JOELHO 90º PVC SR DE 25MMX1/2";1;Unidade;
wa7;6838;JOELHO 90º PVC SR DE 25MMX3/4";1;Unidade;
wa7;6928;JUNTA FºFº DESM.TRAVADA AXIAL. DN 500MM;1;Unidade;
wa7;6929;JUNTA FºFº DESM.TRAVADA AXIAL. DN 800MM;1;Unidade;
wa7;6930;JUNTA FºFº DESM.TRAVADA AXIAL. DN 900MM;1;Unidade;
wa7;6931;JUNTA FºFº DESM.TRAVADA AXIAL.DN 1000MM;1;Unidade;
wa7;6922;JUNTA FºFº DESM.TRAVADA AXIAL.DN 100MM;1;Unidade;
wa7;6932;JUNTA FºFº DESM.TRAVADA AXIAL.DN 1200MM;1;Unidade;
wa7;6924;JUNTA FºFº DESM.TRAVADA AXIAL.DN 1250MM;1;Unidade;
wa7;6933;JUNTA FºFº DESM.TRAVADA AXIAL.DN 1500MM;1;Unidade;
wa7;6926;JUNTA FºFº DESM.TRAVADA AXIAL.DN 150MM;1;Unidade;
wa7;6927;JUNTA FºFº DESM.TRAVADA AXIAL.DN 200MM;1;Unidade;
wa7;6923;JUNTA FºFº DESM.TRAVADA AXIAL.DN 250MM;1;Unidade;
wa7;6943;JUNTA FºFº DESM.TRAVADA AXIAL.DN 300MM;1;Unidade;
wa7;6944;JUNTA FºFº DESM.TRAVADA AXIAL.DN 400MM;1;Unidade;
wa7;6945;JUNTA FºFº DESM.TRAVADA AXIAL.DN 600MM;1;Unidade;
wa7;6946;JUNTA FºFº DESM.TRAVADA AXIAL.DN 700MM;1;Unidade;
wa7;6934;JUNTA FºFº DESM.TRAVADA AXIAL.PN16DN 400MM;1;Unidade;
wa7;6935;JUNTA FºFº DESM.TRAVADA AXIAL.PN16DN 500MM;1;Unidade;
wa7;6936;JUNTA FºFº DESM.TRAVADA AXIAL.PN16DN 600MM;1;Unidade;
wa7;6937;JUNTA FºFº DESM.TRAVADA AXIAL.PN16DN 700MM;1;Unidade;
wa7;6938;JUNTA FºFº DESM.TRAVADA AXIAL.PN16DN 800MM;1;Unidade;
wa7;6939;JUNTA FºFº DESM.TRAVADA AXIAL.PN16DN 900MM;1;Unidade;
wa7;6940;JUNTA FºFº DESM.TRAVADA AXIAL.PN16DN1000MM;1;Unidade;
wa7;6941;JUNTA FºFº DESM.TRAVADA AXIAL.PN16DN1200MM;1;Unidade;
wa7;6942;JUNTA FºFº DESM.TRAVADA AXIAL.PN16DN1500MM;1;Unidade;
wa7;6955;JUNTA GIBAUT DN 100MM;1;Unidade;
wa7;6953;JUNTA GIBAUT DN 150MM;1;Unidade;
wa7;6957;JUNTA GIBAUT DN 200MM;1;Unidade;
wa7;6958;JUNTA GIBAUT DN 250MM;1;Unidade;
wa7;6949;JUNTA GIBAUT DN 300MM;1;Unidade;
wa7;6950;JUNTA GIBAUT DN 500MM;1;Unidade;
wa7;6954;JUNTA GIBAUT DN 600MM;1;Unidade;
wa7;4766;JUNTA MECANICA DN 300MM;1;Unidade;
wa7;5188;JUNTA MECANICA DN 400MM;1;Unidade;
wa7;6961;JUNTA TIPO DRESSER DN 1000MM;1;Unidade;
wa7;6962;JUNTA TIPO DRESSER DN 1200MM;1;Unidade;
wa7;6964;JUNTA TIPO DRESSER DN 1500MM;1;Unidade;
wa7;6965;JUNTA TIPO DRESSER DN 300MM;1;Unidade;
wa7;6966;JUNTA TIPO DRESSER DN 400MM;1;Unidade;
wa7;6968;JUNTA TIPO DRESSER DN 500MM;1;Unidade;
wa7;6970;JUNTA TIPO DRESSER DN 600MM;1;Unidade;
wa7;6972;JUNTA TIPO DRESSER DN 700MM;1;Unidade;
wa7;6974;JUNTA TIPO DRESSER DN 800MM;1;Unidade;
wa7;6976;JUNTA TIPO DRESSER DN 900MM;1;Unidade;
wa7;6978;KIT CAVALETE EM PP;1;Unidade;
wa7;6979;KIT CAVALETE NORMAL DE 3/4 POL.;1;Unidade;
wa7;6981;LACRE ANTIFRAUDE AZUL P/HIDRÔMETRO 1/2";1;Unidade;
wa7;6982;LACRE ANTIFRAUDE P/ HIDROMETRO 1/2 PRETO;1;Unidade;
wa7;6983;LACRE ANTIFRAUDE VERMELHO P/HIDRÔM.1/2";1;Unidade;
wa7;6984;LACRE DE SEGURANÇA FASTLOCK;1;Unidade;
wa7;6985;LACRE PLASTICO AZUL 3/4" C/TRAV.PLASTICO;1;Unidade;
wa7;6986;LACRE PLASTICO VERM.3/4" C/TRAV.PLASTICO;1;Unidade;
wa7;6987;LACRE VERDE PERSONALIZADO ADA;1;Unidade;
wa7;6988;LACRE VERMELHO PERSONALIZADO P/ CORTE;1;Unidade;
wa7;6994;LUVA AVULSA PRFV DN 1000MM;1;Unidade;
wa7;6995;LUVA AVULSA PRFV DN 1200MM;1;Unidade;
wa7;6996;LUVA AVULSA PRFV DN 500MM;1;Unidade;
wa7;6997;LUVA AVULSA PRFV DN 600MM;1;Unidade;
wa7;6998;LUVA AVULSA PRFV DN 700MM;1;Unidade;
wa7;6999;LUVA AVULSA PRFV DN 800MM;1;Unidade;
wa7;7000;LUVA AVULSA PRFV DN 900MM;1;Unidade;
wa7;7017;LUVA DE COMPRESSÃO DE 25MM;1;Unidade;
wa7;7081;LUVA DE CORRER BOLSAS FºFº JGS DN 100MM;1;Unidade;
wa7;7022;LUVA DE CORRER BOLSAS FºFº JGS DN 150MM;1;Unidade;
wa7;7023;LUVA DE CORRER BOLSAS FºFº JGS DN 200MM;1;Unidade;
wa7;7097;LUVA DE CORRER BOLSAS FºFº JGS DN 300MM;1;Unidade;
wa7;7086;LUVA DE CORRER FºFº JE DN 150MM;1;Unidade;
wa7;7032;LUVA DE CORRER FºFº JM DN 1000MM;1;Unidade;
wa7;7033;LUVA DE CORRER FºFº JM DN 1200MM;1;Unidade;
wa7;7053;LUVA DE CORRER FºFº JM DN 1250MM;1;Unidade;
wa7;7088;LUVA DE CORRER FºFº JM DN 150MM;1;Unidade;
wa7;7034;LUVA DE CORRER FºFº JM DN 200 MM;1;Unidade;
wa7;7090;LUVA DE CORRER FºFº JM DN 250MM;1;Unidade;
wa7;7091;LUVA DE CORRER FºFº JM DN 300MM;1;Unidade;
wa7;7092;LUVA DE CORRER FºFº JM DN 350MM;1;Unidade;
wa7;7035;LUVA DE CORRER FºFº JM DN 400MM;1;Unidade;
wa7;7036;LUVA DE CORRER FºFº JM DN 450MM;1;Unidade;
wa7;7037;LUVA DE CORRER FºFº JM DN 500MM;1;Unidade;
wa7;7095;LUVA DE CORRER FºFº JM DN 550MM;1;Unidade;
wa7;7038;LUVA DE CORRER FºFº JM DN 600MM;1;Unidade;
wa7;7039;LUVA DE CORRER FºFº JM DN 700MM;1;Unidade;
wa7;7040;LUVA DE CORRER FºFº JM DN 800MM;1;Unidade;
wa7;7085;LUVA DE CORRER FºFº JM DN 900MM;1;Unidade;
wa7;7024;LUVA DE CORRER JE DEFOFO DN 100MM;1;Unidade;
wa7;7041;LUVA DE CORRER JE DEFOFO DN 150MM;1;Unidade;
wa7;7042;LUVA DE CORRER JE DEFOFO DN 200MM;1;Unidade;
wa7;7043;LUVA DE CORRER JE DEFOFO DN 250MM;1;Unidade;
wa7;7044;LUVA DE CORRER JE DEFOFO DN 300MM;1;Unidade;
wa7;7001;LUVA DE CORRER PVC DE 1.1/2";1;Unidade;
wa7;7002;LUVA DE CORRER PVC DE 1.1/4";1;Unidade;
wa7;7003;LUVA DE CORRER PVC DE 1/2";1;Unidade;
wa7;7004;LUVA DE CORRER PVC DE 2";1;Unidade;
wa7;7006;LUVA DE CORRER PVC DE 20MM;1;Unidade;
wa7;7192;LUVA DE CORRER PVC DE 25MM;1;Unidade;
wa7;7005;LUVA DE CORRER PVC DE 3/4";1;Unidade;
wa7;7008;LUVA DE CORRER PVC DE 32MM;1;Unidade;
wa7;7060;LUVA DE CORRER PVC JE DN 110MM;1;Unidade;
wa7;7054;LUVA DE CORRER PVC JE DN 140MM;1;Unidade;
wa7;7061;LUVA DE CORRER PVC JE DN 160MM;1;Unidade;
wa7;7062;LUVA DE CORRER PVC JE DN 200MM;1;Unidade;
wa7;7055;LUVA DE CORRER PVC JE DN 250MM;1;Unidade;
wa7;7056;LUVA DE CORRER PVC JE DN 300MM;1;Unidade;
wa7;5268;LUVA DE CORRER PVC JE DN 40 MM;1;Unidade;
wa7;3212;LUVA DE CORRER PVC JE DN 50MM;1;Unidade;
wa7;7063;LUVA DE CORRER PVC JE DN 60MM;1;Unidade;
wa7;7057;LUVA DE CORRER PVC JE DN 75MM;1;Unidade;
wa7;7058;LUVA DE CORRER PVC JE DN 85MM;1;Unidade;
wa7;7084;LUVA DE FºFº  TRIPARTIDA DN 200MM;1;Unidade;
wa7;7098;LUVA DE FºFº TRIPARTIDA DN 250MM;1;Unidade;
wa7;7099;LUVA DE FºFº TRIPARTIDA DN 300MM;1;Unidade;
wa7;7100;LUVA DE FºFº TRIPARTIDA DN 350MM;1;Unidade;
wa7;7101;LUVA DE FºFº TRIPARTIDA DN 400MM;1;Unidade;
wa7;7109;LUVA DE PVC C/ROSCA DE 1.1/2";1;Unidade;
wa7;7111;LUVA DE PVC C/ROSCA DE 1/2";1;Unidade;
wa7;7113;LUVA DE PVC C/ROSCA DE 2.1/2";1;Unidade;
wa7;7115;LUVA DE PVC C/ROSCA DE 3/4";1;Unidade;
wa7;7121;LUVA DE PVC SOLDAVEL DE 20MM;1;Unidade;
wa7;7118;LUVA DE PVC SOLDAVEL DE 25MM;1;Unidade;
wa7;7122;LUVA DE PVC SOLDAVEL DE 32MM;1;Unidade;
wa7;7009;LUVA DE PVC SOLDAVEL DN 40MM;1;Unidade;
wa7;7123;LUVA DE PVC SOLDAVEL DN 50MM;1;Unidade;
wa7;7124;LUVA DE PVC SOLDAVEL DN 60MM;1;Unidade;
wa7;4315;LUVA DE REDUCAO PVC DE 85MMX60MM;1;Unidade;
wa7;7127;LUVA DE REDUÇÃO COMPRESSÃO DE 32X20 PHI;1;Unidade;
wa7;7128;LUVA DE REDUÇÃO COMPRESSÃO DE 63MMX32MM;1;Unidade;
wa7;7134;LUVA DE REDUÇÃO PVC C/ROSCA DE 1"X3/4";1;Unidade;
wa7;7135;LUVA DE REDUÇÃO PVC C/ROSCA DE 3/4"X1/2";1;Unidade;
wa7;7194;LUVA DE REDUÇÃO PVC DE 60MMX50MM;1;Unidade;
wa7;7137;LUVA DE REDUÇÃO PVC SOLDAVEL DE 25X20MM;1;Unidade;
wa7;7136;LUVA DE REDUÇÃO PVC SOLDAVEL DE 32MMX25MM;1;Unidade;
wa7;7138;LUVA DE REDUÇÃO PVC SR 32MMX1";1;Unidade;
wa7;7139;LUVA DE REDUÇÃO PVC SR 50MMX1.1/2";1;Unidade;
wa7;7140;LUVA DE REDUÇÃO PVC SR DE 20MMX1/2";1;Unidade;
wa7;7141;LUVA DE REDUÇÃO PVC SR DE 25MMX1/2";1;Unidade;
wa7;7142;LUVA DE REDUÇÃO PVC SR DE 25MMX3/4";1;Unidade;
wa7;7143;LUVA DUPLA COMPRESSÃO DE 20MM;1;Unidade;
wa7;7144;LUVA DUPLA COMPRESSÃO DN 110MM;1;Unidade;
wa7;7146;LUVA DUPLA COMPRESSÃO DN 63MM;1;Unidade;
wa7;7021;LUVA DUPLA COMPRESSÃO DN 90MM;1;Unidade;
wa7;7145;LUVA DUPLA DE COMPRESSÃO DE 32MM;1;Unidade;
wa7;7167;LUVA MAXIFIT 322.9 X 339.4MM;1;Unidade;
wa7;7168;LUVA MAXIFIT 72.2 X 85MM;1;Unidade;
wa7;7169;LUVA MAXIFIT DE 374.5 X 391.5MM;1;Unidade;
wa7;7170;LUVA MAXIFIT DE 418.2 X 435.2MM;1;Unidade;
wa7;7171;LUVA MAXIFIT DE 476 X 493MM;1;Unidade;
wa7;7172;LUVA MAXIFIT DE 527 X 545MM;1;Unidade;
wa7;7173;LUVA MAXIFIT DE 630 X 647MM;1;Unidade;
wa7;7175;LUVA MAXIVIC 16" 400X435MM;1;Unidade;
wa7;7176;LUVA MAXIVIC DN 3" 88.1X102.4MM;1;Unidade;
wa7;7179;LUVA MAXIVIC RETA 59,5X72MM;1;Unidade;
wa7;7174;LUVA MAXIVIC RETA DN 10" 271X295MM;1;Unidade;
wa7;7180;LUVA MAXIVIC RETA DN 6" 160 X 181,6MM;1;Unidade;
wa7;7178;LUVA MAXIVIC RETA DN 8 250 x 267 MM;1;Unidade;
wa7;7177;LUVA MAXIVIC RETA DN 8" 218,1X235MM;1;Unidade;
wa7;7181;LUVA MAXIVIC RETA DN12 315MMX332MM;1;Unidade;
wa7;7182;LUVA MAXIVIC RETA DN22 574MMX592MM;1;Unidade;
wa7;7183;LUVA MAXIVIC RETA DN4" 110X127,8MM;1;Unidade;
wa7;7184;LUVA MAXIVIC RETA DN7 192,9MMX209,0MM;1;Unidade;
wa7;7185;LUVA MEGAFIT 107.2X133.2MM;1;Unidade;
wa7;7186;LUVA MEGAFIT 192.2 X 226.9MM;1;Unidade;
wa7;7187;LUVA MEGAFIT 218.1 X 252.1MM;1;Unidade;
wa7;7188;LUVA MEGAFIT 266.2 X 300.2MM;1;Unidade;
wa7;7189;LUVA MEGAFIT 315 X 349MM;1;Unidade;
wa7;5609;LUVA MEGAFIT DE 500MM;1;Unidade;
wa7;4152;LUVA MEGAFIT DE 550MM;1;Unidade;
wa7;7190;LUVA MEGAFIT. 132.2 X 160.2MM;1;Unidade;
wa7;7197;MACROMEDIDOR DN 200MM;1;Unidade;
wa7;7198;MACROMEDIDOR DN 250MM;1;Unidade;
wa7;7199;MACROMEDIDOR DN 300MM;1;Unidade;
wa7;4335;MACROMEDIDOR DN 50MM;1;Unidade;
wa7;7201;MANTA BORR. P/COLAR TOMADA 110mmX1/2";1;Unidade;
wa7;7202;MASSA DE VEDAÇÃO (MVD) 5GL (4kg);1;Unidade;
wa7;1012;MATERIAL NAO INFORMADO;1;Unidade;
wa7;7204;MEDIDOR MAGNÉTICO DE VAZÃO DN 1000MM;1;Unidade;
wa7;7205;MEDIDOR MAGNÉTICO DE VAZÃO DN 300MM;1;Unidade;
wa7;7206;MEDIDOR MAGNÉTICO DE VAZÃO DN 400MM;1;Unidade;
wa7;7207;MEDIDOR MAGNÉTICO DE VAZÃO DN 40MM;1;Unidade;
wa7;7208;MEDIDOR MAGNÉTICO DE VAZÃO DN 500MM;1;Unidade;
wa7;7210;MEDIDOR MAGNÉTICO DE VAZÃO DN 700MM;1;Unidade;
wa7;7214;NIPLE DE PVC CR DE 1";1;Unidade;
wa7;7215;NIPLE DE PVC CR DE 1/2";1;Unidade;
wa7;7235;NIPLE DE PVC CR DN 1.1/2";1;Unidade;
wa7;7238;NIPLE DE PVC CR DN 3/4";1;Unidade;
wa7;7249;PARAF. C/ PORCA 2 ARRUELAS 3/4"X3.1/2";1;Unidade;
wa7;7251;PARAF. C/ PORCA E 2 ARRUELAS 1"X5";1;Unidade;
wa7;7250;PARAF. C/ PORCA E 2 ARRUELAS 1.1/8"X5";1;Unidade;
wa7;2272;PARAF. C/ PORCA E 2 ARRUELAS 3/4";1;Unidade;
wa7;7252;PARAF. C/ PORCA E 2 ARRUELAS 5/8"X3";1;Unidade;
wa7;7253;PARAF. C/ PORCA E 2 ARRUELAS 7/8"X4";1;Unidade;
wa7;15860;PARAF. C/ PORCA SEXTAVADO 3/4"X3";1;Unidade;
wa7;5711;PARAFUSO 3/8;1;Unidade;
wa7;4948;PARAFUSO 5/16;1;Unidade;
wa7;1157;PARAFUSO 5/8;1;Unidade;
wa7;4461;PARAFUSO 7/8;1;Unidade;
wa7;7254;PARAFUSO SEXT. PPF10 D= 16MM L= 80MM;1;Unidade;
wa7;7255;PARAFUSO SEXT. PPF10 D= 20MM L= 90MM;1;Unidade;
wa7;7256;PARAFUSO SEXT. PPF10 D= 24MM L= 100MM;1;Unidade;
wa7;7257;PARAFUSO SEXT. PPF10 D= 27MM L= 120MM;1;Unidade;
wa7;7258;PARAFUSO SEXT. PPF10 D= 30MM L= 130MM;1;Unidade;
wa7;7259;PARAFUSO SEXT. PPF10 D= 33MM L= 130MM;1;Unidade;
wa7;7260;PARAFUSO SEXT. PPF10 D= 36MM L= 140MM;1;Unidade;
wa7;7261;PARAFUSO SEXT. PPF10 D= 39MM L= 180MM;1;Unidade;
wa7;15872;PEDACO DE CEDRO;1;Unidade;
wa7;15871;PLASTIL;1;Unidade;
wa7;7274;PLUG DE PVC C/ ROSCA DE 2";1;Unidade;
wa7;133;PLUG DE PVC C/ROSCA DE 1/2";1;Unidade;
wa7;7275;PLUG DE PVC C/ROSCA DE 3/4";1;Unidade;
wa7;7276;PLUG GALVANIZADO DE 1";1;Unidade;
wa7;7277;PLUG PVC CP JE DN150MM;1;Unidade;
wa7;2493;PLUG PVC DE 1°X1/4MM;1;Unidade;
wa7;1232;PLUG PVC DE 20X1/2MM;1;Unidade;
wa7;7278;PLUG PVC JR DN 1 pol;1;Unidade;
wa7;7279;PLUG PVC JR DN 1.1/2 pol;1;Unidade;
wa7;7280;PLUG PVC JR DN 1.1/4 pol;1;Unidade;
wa7;7281;PLUG PVC JR DN 1/2 pol;1;Unidade;
wa7;5712;PORCA 3/4";1;Unidade;
wa7;7289;PORCA P/ TUBETE DE 3/4";1;Unidade;
wa7;4651;PORCA SEXTAVA 5/8;1;Unidade;
wa7;8932;PORCA SEXTAVADA 7/8";1;Unidade;
wa7;7290;PORCA TUBETE DE 1/2";1;Unidade;
wa7;7481;REDUCAO FºFº JM DE 1000MMX800MM;1;Unidade;
wa7;7391;REDUÇÃO COMPRESSÃO DN 110MMX90MM;1;Unidade;
wa7;7405;REDUÇÃO DE PEAD 110 X 63 MM;1;Unidade;
wa7;7407;REDUÇÃO DE PVC JE DE 140MM X 85MM;1;Unidade;
wa7;7417;REDUÇÃO EM AÇO C/ FLANGE 800MMX600MM;1;Unidade;
wa7;7418;REDUÇÃO EM AÇO C/ FLANGE 800MMX700MM;1;Unidade;
wa7;7422;REDUÇÃO EXCENTRICA DE F°F° 100mm X 65mm;1;Unidade;
wa7;7431;REDUÇÃO FD BB JGS DN 500MMX400MM;1;Unidade;
wa7;7434;REDUÇÃO FLANGE FLANGE 100X700MMXL 1,00 M;1;Unidade;
wa7;7436;REDUÇÃO Fº Fº C/FLANGE 100X80mm ETA;1;Unidade;
wa7;7437;REDUÇÃO Fº Fº FLANGE DE 150 X 50MM;1;Unidade;
wa7;7438;REDUÇÃO Fº Fº FLANGE DE 150X100MM;1;Unidade;
wa7;7467;REDUÇÃO FºF PB JE DE 150X80MM;1;Unidade;
wa7;7439;REDUÇÃO FºFº  PB JE DE 80MMX50MM;1;Unidade;
wa7;7441;REDUÇÃO FºFº 200MMX60MM;1;Unidade;
wa7;7442;REDUÇÃO FºFº BOLSA JGS 600MMX500MM;1;Unidade;
wa7;7443;REDUÇÃO FºFº BOLSA JGS 800MMX600MM;1;Unidade;
wa7;7446;REDUÇÃO FºFº C/ FLANGE 1200MMX800MM;1;Unidade;
wa7;7425;REDUÇÃO FºFº C/ FLANGE 250X150MM;1;Unidade;
wa7;7447;REDUÇÃO FºFº C/ FLANGE 250X50MM;1;Unidade;
wa7;7426;REDUÇÃO FºFº C/ FLANGE 250X80MM;1;Unidade;
wa7;7448;REDUÇÃO FºFº C/ FLANGE 300X150MM;1;Unidade;
wa7;7449;REDUÇÃO FºFº C/ FLANGE 300X200MM;1;Unidade;
wa7;7456;REDUÇÃO FºFº C/ PONTA FLANGE 210 X 100MM;1;Unidade;
wa7;7458;REDUÇÃO FºFº C/FLANGE 100X50MM;1;Unidade;
wa7;7459;REDUÇÃO FºFº C/FLANGE 200X100MM;1;Unidade;
wa7;7460;REDUÇÃO FºFº C/FLANGE 200X150MM;1;Unidade;
wa7;7462;REDUÇÃO FºFº C/FLANGE 250X100MM;1;Unidade;
wa7;7464;REDUÇÃO FºFº C/FLANGE 250X200MM;1;Unidade;
wa7;7465;REDUÇÃO FºFº C/FLANGE 300X250MM;1;Unidade;
wa7;7469;REDUÇÃO FºFº JM DE 1200MMX1000MM;1;Unidade;
wa7;7482;REDUÇÃO PEAD 160 X 110MM;1;Unidade;
wa7;7483;REDUÇÃO PEAD 160 X 63MM;1;Unidade;
wa7;7495;REDUÇÃO PVC  PB DE  160 X 60MM;1;Unidade;
wa7;7498;REDUÇÃO PVC JE PB DE  110 X 60MM;1;Unidade;
wa7;7499;REDUÇÃO PVC JE PB DE  160 X 140MM;1;Unidade;
wa7;7500;REDUÇÃO PVC JE PB DE  160 X 85MM;1;Unidade;
wa7;7502;REDUÇÃO PVC JE PB DE 110X85MM;1;Unidade;
wa7;7503;REDUÇÃO PVC JE PB DE 160X110MM;1;Unidade;
wa7;7504;REDUÇÃO PVC JE PB DE 85MMX60MM;1;Unidade;
wa7;7505;REDUÇÃO PVC PB JE DE  140 X 60MM;1;Unidade;
wa7;7517;REGISTRO CHATO GAVETA DN 500MM;1;Unidade;
wa7;7539;REGISTRO CHATO GAVETA DN 600MM;1;Unidade;
wa7;7525;REGISTRO CHATO GAVETA DN 700MM;1;Unidade;
wa7;7528;REGISTRO DE FECHO RAPIDO DE 1.1/2";1;Unidade;
wa7;7592;REGISTRO DE FECHO RAPIDO DE 1/2";1;Unidade;
wa7;7593;REGISTRO DE FECHO RAPIDO DE 3/4";1;Unidade;
wa7;7531;REGISTRO DE GAVETA DE 1.1/2";1;Unidade;
wa7;7537;REGISTRO DE GAVETA DE 1/2";1;Unidade;
wa7;7565;REGISTRO DE GAVETA DE 2.1/2";1;Unidade;
wa7;7538;REGISTRO DE GAVETA OVAL PN10 DN1000;1;Unidade;
wa7;7540;REGISTRO DE PASSAGEM METAL M/F DE 1";1;Unidade;
wa7;7542;REGISTRO DE PVC ESFERA DE 1";1;Unidade;
wa7;7549;REGISTRO DE PVC ESFERA DE 1.1/4";1;Unidade;
wa7;7546;REGISTRO DE PVC ESFERA DE 2";1;Unidade;
wa7;7543;REGISTRO DE PVC ESFERA DE 3/4";1;Unidade;
wa7;7523;REGISTRO ESFERA DN 20MM;1;Unidade;
wa7;7548;REGISTRO ESFÉRICO DE 1.1/2";1;Unidade;
wa7;7550;REGISTRO ESFÉRICO DE 1/2";1;Unidade;
wa7;7552;REGISTRO FEMEA/FEMEA 1/2" PASSAGEM PLENA;1;Unidade;
wa7;7553;REGISTRO FEMEA/FEMEA 3/4" PASSAGEM PLENA;1;Unidade;
wa7;7554;REGISTRO FERRO FUNDIDO BOLSA JE 2C 100MM;1;Unidade;
wa7;7555;REGISTRO FERRO FUNDIDO BOLSA JE 2C 150MM;1;Unidade;
wa7;7556;REGISTRO FERRO FUNDIDO BOLSA JE 2C 200MM;1;Unidade;
wa7;7557;REGISTRO FERRO FUNDIDO BOLSA JE 2C 250MM;1;Unidade;
wa7;7558;REGISTRO FERRO FUNDIDO BOLSA JE 2C 300MM;1;Unidade;
wa7;7509;REGISTRO GALV FºFº FL. V. DN 100MM;1;Unidade;
wa7;7510;REGISTRO GALV FºFº FL. V. DN 200MM;1;Unidade;
wa7;7511;REGISTRO GALV FºFº FL. V. DN 200MM;1;Unidade;
wa7;7512;REGISTRO GALV FºFº FL. V. DN 250MM;1;Unidade;
wa7;7513;REGISTRO GALV FºFº FL. V. DN 300MM;1;Unidade;
wa7;7568;REGISTRO MACHO FEMEA 1/2" PASSAGEM PLENA;1;Unidade;
wa7;7570;REGISTRO MACHO/FEMEA 3/4" PASSAGEM PLENA;1;Unidade;
wa7;7581;REGISTRO OCA 2C DE 50MM;1;Unidade;
wa7;7573;REGISTRO OCA 2C DN 150MM;1;Unidade;
wa7;7574;REGISTRO OCA 2C DN 200MM;1;Unidade;
wa7;7575;REGISTRO OCA 2C DN 250MM;1;Unidade;
wa7;7576;REGISTRO OCA 2C DN 300MM;1;Unidade;
wa7;4588;REGISTRO OCA 2C DN 350MM;1;Unidade;
wa7;7577;REGISTRO OCA 2C DN 350MM;1;Unidade;
wa7;4589;REGISTRO OCA 2C DN 400MM;1;Unidade;
wa7;7578;REGISTRO OCA 2C DN 400MM;1;Unidade;
wa7;4590;REGISTRO OCA 2C DN 450MM;1;Unidade;
wa7;7579;REGISTRO OCA 2C DN 450MM;1;Unidade;
wa7;4591;REGISTRO OCA 2C DN 500MM;1;Unidade;
wa7;7580;REGISTRO OCA 2C DN 500MM;1;Unidade;
wa7;7521;REGISTRO OCA 2C DN 600 MM;1;Unidade;
wa7;7572;REGISTRO OCA 2C DN100MM;1;Unidade;
wa7;7588;REGISTRO OCA 2L DE 50MM;1;Unidade;
wa7;7589;REGISTRO OCA 2L DE 80MM;1;Unidade;
wa7;7582;REGISTRO OCA 2L DN 100MM;1;Unidade;
wa7;7585;REGISTRO OCA 2L DN 150MM;1;Unidade;
wa7;7586;REGISTRO OCA 2L DN 200MM;1;Unidade;
wa7;7583;REGISTRO OCA 2L DN 250MM;1;Unidade;
wa7;7584;REGISTRO OCA 2L DN 300MM;1;Unidade;
wa7;7587;REGISTRO OCA 2L DN 350 MM;1;Unidade;
wa7;7522;REGISTRO OCA 2L DN 700MM;1;Unidade;
wa7;7597;REGISTRO RCBC PBA 110MM;1;Unidade;
wa7;7616;TAMPAO DE FºFºARTICULADO DN 600MM;1;Unidade;
wa7;7611;TAMPÃO DE FERRO FUNDIDO T-8;1;Unidade;
wa7;7615;TAMPÃO DE FºFº  FUNDIDO DN 600MM;1;Unidade;
wa7;7617;TAMPÃO DE FºFº MAXIVIC DN 500MM;1;Unidade;
wa7;7610;TAMPÃO DE FºFº TD-5 ;1;Unidade;
wa7;156;TELA TAPUME LARANJA 1,00 X 50m;1;Unidade;
wa7;7958;TUBETE CURTO PP DE 1";1;Unidade;
wa7;7961;TUBETE CURTO PP DE 1/2"X1/2";1;Unidade;
wa7;7959;TUBETE CURTO PP DE 3/4";1;Unidade;
wa7;7962;TUBETE LONGO PP DE 1/2";1;Unidade;
wa7;7963;TUBETE LONGO PP DE 1/2"X1/2";1;Unidade;
wa7;7964;TUBETE LONGO PP DE 3/4";1;Unidade;
wa7;8674;TUBO DE FºFº DN 100MM;1;Unidade;
wa7;8242;TUBO DE POLIETILENO PEAD DE 110MM;1;Unidade;
wa7;8514;TUBO DE POLIETILENO PEAD DE 160MM;1;Unidade;
wa7;8499;TUBO DE POLIETILENO PEAD DE 20MM - COR AZUL;1;Unidade;
wa7;8243;TUBO DE POLIETILENO PEAD DE 32MM;1;Unidade;
wa7;8516;TUBO DE POLIETILENO PEAD DE 63MM;1;Unidade;
wa7;8515;TUBO DE POLIETILENO PEAD DE 90MM;1;Unidade;
wa7;8349;TUBO FoFo DUCT K7 PB JE L6,00M DN 150MM;1;Unidade;
wa7;8358;TUBO FoFo DUCT K7 PB JE L6,00M DN 200MM;1;Unidade;
wa7;8666;TUBO FoFo DUCT K7 PB JE L6,00M DN 300MM;1;Unidade;
wa7;8360;TUBO FoFo DUCT K7 PB JE L6,00M DN 350MM;1;Unidade;
wa7;8361;TUBO FoFo DUCT K7 PB JE L6,00M DN 400MM;1;Unidade;
wa7;8399;TUBO FoFo DUCT K7 PB JE L6,00M DN 450MM;1;Unidade;
wa7;8362;TUBO FoFo DUCT K7 PB JE L6,00M DN 500MM;1;Unidade;
wa7;8400;TUBO FoFo DUCT K7 PB JE L6,00M DN 550MM;1;Unidade;
wa7;8363;TUBO FoFo DUCT K7 PB JE L6,00M DN 600MM;1;Unidade;
wa7;8357;TUBO FoFo DUCT K7 PB JE L6,00M DN150MM;1;Unidade;
wa7;8398;TUBO FoFo DUCT K7 PB JE L6,00M DN250MM;1;Unidade;
wa7;8359;TUBO FoFo DUCT K7 PB JE L6,00M DN300MM;1;Unidade;
wa7;8366;TUBO FoFo DUCT K7 PB JE L7,00M DN 700MM;1;Unidade;
wa7;8364;TUBO FoFo DUCT K7 PB JE L7,00M DN1000MM;1;Unidade;
wa7;8365;TUBO FoFo DUCT K7 PB JE L7,00M DN1200MM;1;Unidade;
wa7;8369;TUBO FoFo DUCT K7 PB JE L7,00M DN1250MM;1;Unidade;
wa7;8544;TUBO FoFo DUCT K7 PB JE L7,00M DN1500MM;1;Unidade;
wa7;8367;TUBO FoFo DUCT K7 PB JE L7,00M DN800MM;1;Unidade;
wa7;8576;TUBO PRFV DEFOFO JE PB DN 1000MM;1;Unidade;
wa7;8577;TUBO PRFV DEFOFO JE PB DN 1200MM;1;Unidade;
wa7;8578;TUBO PRFV DEFOFO JE PB DN 400MM;1;Unidade;
wa7;8579;TUBO PRFV DEFOFO JE PB DN 500MM;1;Unidade;
wa7;8580;TUBO PRFV DEFOFO JE PB DN 600MM;1;Unidade;
wa7;8581;TUBO PRFV DEFOFO JE PB DN 700MM;1;Unidade;
wa7;8582;TUBO PRFV DEFOFO JE PB DN 800MM;1;Unidade;
wa7;8583;TUBO PRFV DEFOFO JE PB DN 900MM;1;Unidade;
wa7;8585;TUBO PRFV+PVC PBA CL18 DE 200MM ( EDRA );1;Unidade;
wa7;8593;TUBO PVC CL 12 JE DE 110 MM JEI;1;Unidade;
wa7;8245;TUBO PVC CL 12 PB JE DE 40MM  - JEI;1;Unidade;
wa7;8594;TUBO PVC CL 12 PB JE DE 60MM  - JEI;1;Unidade;
wa7;8252;TUBO PVC CL 12 PB JE DE 75MM  - JEI;1;Unidade;
wa7;8595;TUBO PVC CL 12 PB JE DE 85 MM - JEI;1;Unidade;
wa7;8596;TUBO PVC CL 15 PB JE DE 300 MM;1;Unidade;
wa7;8597;TUBO PVC CL 15 PBA DE 140 MM;1;Unidade;
wa7;8601;TUBO PVC DEFOFO JE DE 200 MM X 6 M - JEI;1;Unidade;
wa7;8602;TUBO PVC DEFOFO JE DE 250 MM JEI;1;Unidade;
wa7;8605;TUBO PVC DEFOFO JEI DN 300MM;1;Unidade;
wa7;8606;TUBO PVC DEFOFO JEI DN 400MM;1;Unidade;
wa7;8607;TUBO PVC DEFOFO PB JE PN1MPa L6M DN100MM;1;Unidade;
wa7;8610;TUBO PVC DEFOFO PB JEI PN1MPa DN150MM;1;Unidade;
wa7;8639;TUBO PVC PB JE CL12 L6,00M DN 160MM;1;Unidade;
wa7;8640;TUBO PVC PB JE CL12 L6,00M DN 200MM;1;Unidade;
wa7;8641;TUBO PVC PB JE L6,00M DN150MM;1;Unidade;
wa7;8642;TUBO PVC PB JS CL15 L6,00M DN250MM - PBA;1;Unidade;
wa7;8621;TUBO PVC RIGIDO SOLDAVEL DE 20MM;1;Unidade;
wa7;8622;TUBO PVC RIGIDO SOLDAVEL DE 25MM;1;Unidade;
wa7;8623;TUBO PVC RIGIDO SOLDAVEL DE 32MM;1;Unidade;
wa7;8615;TUBO PVC RIGIDO SR DE 1.1/2";1;Unidade;
wa7;8616;TUBO PVC RIGIDO SR DE 1/2";1;Unidade;
wa7;8619;TUBO PVC RIGIDO SR DE 3/4";1;Unidade;
wa7;8600;TUBO PVC RIGIDO SRDE 1.1/4";1;Unidade;
wa7;7789;TÊ DE COMPRESSÃO DE 110MM;1;Unidade;
wa7;7633;TÊ DE COMPRESSÃO DE 32MM;1;Unidade;
wa7;7787;TÊ DE COMPRESSÃO DN 160MM;1;Unidade;
wa7;7810;TÊ DE COMPRESSÃO DN 20MM;1;Unidade;
wa7;7634;TÊ DE COMPRESSÃO DN 63MM;1;Unidade;
wa7;7676;TÊ DE Fº Fº C/ FLANGE DN 350MM;1;Unidade;
wa7;7677;TÊ DE FºFº  C/BOLSA DN 100MM;1;Unidade;
wa7;7744;TÊ DE FºFº  PF DE 75MMX75MM;1;Unidade;
wa7;7681;TÊ DE FºFº C/BOLSA JE DE 300MMX75MM;1;Unidade;
wa7;7713;TÊ DE FºFº C/FLAN DN 100MM;1;Unidade;
wa7;7685;TÊ DE FºFº C/FLANGE DE 200X200MM;1;Unidade;
wa7;7682;TÊ DE FºFº C/FLANGE DE 250MMX250MM;1;Unidade;
wa7;7687;TÊ DE FºFº C/FLANGE DE 300MMX300MM;1;Unidade;
wa7;7770;TÊ DE FºFº C/FLANGE DE 400X400MM;1;Unidade;
wa7;7668;TÊ DE FºFº CB DE 200X200MM;1;Unidade;
wa7;7731;TÊ DE FºFº COM FLANGE DE 1000MMX200MM;1;Unidade;
wa7;7732;TÊ DE FºFº COM FLANGE DE 1000MMX800 MM;1;Unidade;
wa7;7733;TÊ DE FºFº COM FLANGE DE 1200MMX1000 MM;1;Unidade;
wa7;7730;TÊ DE FºFº COM FLANGE DN 1000MM;1;Unidade;
wa7;7735;TÊ DE FºFº COM FLANGE DN 800MM;1;Unidade;
wa7;7738;TÊ DE FºFº F/F DN 1500MMX200MM;1;Unidade;
wa7;7740;TÊ DE FºFº JE JGS DN 600MM;1;Unidade;
wa7;7741;TÊ DE FºFº JUNTA MECANICA 1200MM;1;Unidade;
wa7;7804;TÊ DE FºFº P/P DE 400MM;1;Unidade;
wa7;7742;TÊ DE FºFº PF DE 50MMX50MM;1;Unidade;
wa7;7853;TÊ DE FºFº RED. BBF DE 150X100MM;1;Unidade;
wa7;7724;TÊ DE FºFº RED. C/FLAN DE 100X50MM;1;Unidade;
wa7;7725;TÊ DE FºFº RED. C/FLAN DE 100X75MM;1;Unidade;
wa7;7624;TÊ DE FºFº RED. C/FLANGE DE 200X100MM;1;Unidade;
wa7;7689;TÊ DE FºFº RED. C/FLANGE DE 200X150MM;1;Unidade;
wa7;7698;TÊ DE FºFº RED. C/FLANGE DE 200X50MM;1;Unidade;
wa7;7727;TÊ DE FºFº RED. C/FLANGE DE 250X150MM;1;Unidade;
wa7;7686;TÊ DE FºFº RED. C/FLANGE DE 250X200MM;1;Unidade;
wa7;7871;TÊ DE FºFº RED. C/FLANGE DE 250X50MM;1;Unidade;
wa7;7728;TÊ DE FºFº RED. C/FLANGE DE 300X150MM;1;Unidade;
wa7;7729;TÊ DE FºFº RED. C/FLANGE DE 300X250MM;1;Unidade;
wa7;7899;TÊ DE FºFº RED. C/FLANGE DE 400X100MM;1;Unidade;
wa7;7900;TÊ DE FºFº RED. C/FLANGE DE 400X150MM;1;Unidade;
wa7;7895;TÊ DE FºFº RED. C/FLANGE DE 400X200MM;1;Unidade;
wa7;7802;TÊ DE FºFº RED. C/FLANGE DE 600X400MM;1;Unidade;
wa7;7678;TÊ DE FºFº RED. CB DE 150X100MM;1;Unidade;
wa7;7752;TÊ DE FºFº RED. CB DE 150X50MM;1;Unidade;
wa7;7859;TÊ DE FºFº RED. CB DE 200X100MM;1;Unidade;
wa7;7667;TÊ DE FºFº RED. CB DE 200X150MM;1;Unidade;
wa7;7680;TÊ DE FºFº RED. CB DE 200X75MM;1;Unidade;
wa7;7879;TÊ DE FºFº RED. CF DE 300MMX100MM;1;Unidade;
wa7;7880;TÊ DE FºFº RED. CF DE 300MMX200MM;1;Unidade;
wa7;7747;TÊ DE FºFº RED. CF DE 300MMX50MM;1;Unidade;
wa7;7691;TÊ DE PVC 25 mm;1;Unidade;
wa7;154;TÊ DE PVC C/ROSCA DE 1";1;Unidade;
wa7;7695;TÊ DE PVC C/ROSCA DE 3/4";1;Unidade;
wa7;7815;TÊ DE PVC CB JE DN 110MMX110MM;1;Unidade;
wa7;7817;TÊ DE PVC CB JE DN 60MM X 60MM;1;Unidade;
wa7;7820;TÊ DE PVC CR DN 1.1/2";1;Unidade;
wa7;7822;TÊ DE PVC CR DN 1/2";1;Unidade;
wa7;7824;TÊ DE PVC CR DN 2.1/2";1;Unidade;
wa7;7826;TÊ DE PVC JE DN 200MMX200MM;1;Unidade;
wa7;7955;TÊ DE PVC JS DE 110MMX110MM;1;Unidade;
wa7;3592;TÊ DE PVC JS DE 25MMX20MM;1;Unidade;
wa7;7827;TÊ DE PVC JS DN 20MM;1;Unidade;
wa7;7828;TÊ DE PVC JS DN 25MM;1;Unidade;
wa7;7912;TÊ DE PVC JS DN 32MM;1;Unidade;
wa7;7830;TÊ DE PVC JS DN 40MM;1;Unidade;
wa7;7831;TÊ DE PVC JS DN 50MM;1;Unidade;
wa7;7832;TÊ DE PVC JS DN 60MM;1;Unidade;
wa7;7814;TÊ DE PVC JS DN 75MM;1;Unidade;
wa7;7835;TÊ DE PVC REDUÇÃO CB JE DN 110MMX60MM;1;Unidade;
wa7;7836;TÊ DE PVC REDUÇÃO CB JE DN 110MMX85MM;1;Unidade;
wa7;7875;TÊ DE PVC REDUÇÃO JS 32MMX25MM;1;Unidade;
wa7;7839;TÊ DE PVC SR DE 25MMX1/2";1;Unidade;
wa7;7841;TÊ DE PVC SR DE 25MMX3/4";1;Unidade;
wa7;7840;TÊ DE PVC SR DN 20MMX1/2";1;Unidade;
wa7;7703;TÊ DE REDUCÃO PVC JS DN 85MMX60MM;1;Unidade;
wa7;7837;TÊ DE REDUÇÃO PVC CB JE DN 85MMX60MM;1;Unidade;
wa7;7867;TÊ FoFo REDUÇÃO CF JM DN 500MMX300MM;1;Unidade;
wa7;7726;TÊ FºFº C/FLANGE 150X150MM;1;Unidade;
wa7;7734;TÊ FºFº COM FLANGE 500 MM;1;Unidade;
wa7;7753;TÊ FºFº RED. PB DN 250MMX100MM;1;Unidade;
wa7;7809;TÊ PRFV DEFOFO JE BBB DIAM. 600MM;1;Unidade;
wa7;4202;TÊ PVC C/ROSCA DN 2";1;Unidade;
wa7;7816;TÊ PVC CB JE DN 160MM X 160MM;1;Unidade;
wa7;7818;TÊ PVC CB JE DN 85MM X 85MM;1;Unidade;
wa7;7825;TÊ PVC JE DN 140MMX140MM;1;Unidade;
wa7;7697;TÊ PVC JS DN 85MM;1;Unidade;
wa7;7838;TÊ PVC REDUÇÃO JE DN 140MMX85MM;1;Unidade;
wa7;4705;TÊ TRIP. C/SAIDA FL F°F° DE 200MMX50MM;1;Unidade;
wa7;7914;TÊ TRIP. C/SAIDA FL FºFº DE 80MMX50MM;1;Unidade;
wa7;7925;TÊ TRIP.C/SAIDA FL FºFº DE 100MMX50MM;1;Unidade;
wa7;7926;TÊ TRIP.C/SAIDA FL FºFº DE 100MMX80MM;1;Unidade;
wa7;7927;TÊ TRIP.C/SAIDA FL FºFº DE 150MMX100MM;1;Unidade;
wa7;7928;TÊ TRIP.C/SAIDA FL FºFº DE 150MMX150MM;1;Unidade;
wa7;7929;TÊ TRIP.C/SAIDA FL FºFº DE 200MMX100MM;1;Unidade;
wa7;7930;TÊ TRIP.C/SAIDA FL FºFº DE 200MMX150MM;1;Unidade;
wa7;7932;TÊ TRIP.C/SAIDA FL FºFº DE 250MMX150MM;1;Unidade;
wa7;7933;TÊ TRIP.C/SAIDA FL FºFº DE 250MMX200MM;1;Unidade;
wa7;7916;TÊ TRIP.C/SAIDA FL FºFº DE 300MMX100MM;1;Unidade;
wa7;7935;TÊ TRIP.C/SAIDA FL FºFº DE 300MMX150MM;1;Unidade;
wa7;7936;TÊ TRIP.C/SAIDA FL FºFº DE 300MMX200MM;1;Unidade;
wa7;7937;TÊ TRIP.C/SAIDA FL FºFº DE 300MMX50MM;1;Unidade;
wa7;7918;TÊ TRIP.C/SAIDA FL FºFº DE 350X100MM;1;Unidade;
wa7;7919;TÊ TRIP.C/SAIDA FL FºFº DE 350X150MM;1;Unidade;
wa7;7920;TÊ TRIP.C/SAIDA FL FºFº DE 350X200MM;1;Unidade;
wa7;7921;TÊ TRIP.C/SAIDA FL FºFº DE 400MMX200MM;1;Unidade;
wa7;7922;TÊ TRIP.C/SAIDA FL FºFº DE 450MMX150MM;1;Unidade;
wa7;7938;TÊ TRIP.C/SAIDA FL FºFº DE 450MMX200MM;1;Unidade;
wa7;7923;TÊ TRIP.C/SAIDA FL FºFº DE 500MMX100MM;1;Unidade;
wa7;7931;TÊ TRIP.C/SAIDA FL.FºFº DE 250MMX100MM;1;Unidade;
wa7;2495;UNIÃO DE COMPRESSAO DN 20MM;1;Unidade;
wa7;8703;UNIÃO DE PVC JS DN 20MM;1;Unidade;
wa7;8695;UNIÃO PVC CR DN 1";1;Unidade;
wa7;8696;UNIÃO PVC CR DN 1.1/2 pol;1;Unidade;
wa7;8697;UNIÃO PVC CR DN 1.1/4";1;Unidade;
wa7;8698;UNIÃO PVC CR DN 1/2 pol;1;Unidade;
wa7;8699;UNIÃO PVC CR DN 2";1;Unidade;
wa7;8700;UNIÃO PVC CR DN 3";1;Unidade;
wa7;8701;UNIÃO PVC CR DN 3/4 pol;1;Unidade;
wa7;8709;UNIÃO PVC JS DN 110 MM;1;Unidade;
wa7;8704;UNIÃO PVC JS DN 25MM;1;Unidade;
wa7;8705;UNIÃO PVC JS DN 32MM;1;Unidade;
wa7;8706;UNIÃO PVC JS DN 40MM;1;Unidade;
wa7;8683;UNIÃO PVC JS DN 50MM;1;Unidade;
wa7;8707;UNIÃO PVC JS DN 60MM;1;Unidade;
wa7;8708;UNIÃO PVC JS DN 85MM;1;Unidade;
wa7;8702;UNÃO PVC JS DN 110MM;1;Unidade;
wa4;1;PEAD;
wa4;2;PVC;
wa4;3;DEFoFo;
wa4;4;EDRA;
wa4;5;FºFº;
wa4;6;AÇO;
wa4;7;ZTEC;
wa2;1;Reaterro de Vala;0;2;2;2;2;0;0;0;0;0;0;0;2;2;0;0;0;2;2;2;2;2;2;2;2;2;2;2;
wa2;2;Recomposicao de calcada;0;2;2;2;2;0;0;0;0;0;0;0;2;2;0;0;0;2;2;2;2;2;2;2;2;2;2;2;
wa2;3;Recomposicao asfaltica (manutencao);0;2;2;2;2;0;0;0;0;0;0;0;2;2;0;0;0;2;2;2;2;2;2;2;2;2;2;2;
wa2;4;Recomposicao asfaltica (ligacao nova);0;2;2;2;2;0;0;0;0;0;0;0;2;2;0;0;0;2;2;2;2;2;2;2;2;2;2;2;
wa2;5;Ligacao Nova;0;2;2;2;2;0;0;0;0;0;0;0;2;2;0;0;0;2;2;2;2;2;2;2;2;2;2;2;
wa2;6;Vazamento na rede;0;2;2;2;2;0;0;0;0;0;0;0;2;2;0;0;0;2;2;2;2;2;2;2;2;2;2;2;
wa2;7;Vazamento no cavalete;0;2;2;2;2;0;0;0;0;0;0;0;2;2;0;0;0;2;2;2;2;2;2;2;2;2;2;2;
wa2;8;Vazamento no ramal;0;2;2;2;2;0;0;0;0;0;0;0;2;2;0;0;0;2;2;2;2;2;2;2;2;2;2;2;
wa2;9;Retirada de Entulho;0;2;2;2;2;0;0;0;0;0;0;0;2;2;0;0;0;2;2;2;2;2;2;2;2;2;2;2;
wa2;10;Corte;0;2;2;2;2;0;0;0;0;0;0;0;2;2;0;0;0;2;2;2;2;2;2;2;2;2;2;2;
wa2;11;Instalacao de Hidrometro;0;2;2;2;2;0;0;0;0;0;0;0;2;2;0;0;0;2;2;2;2;2;2;2;2;2;2;2;
wa2;12;Supressao;0;2;2;2;2;0;0;0;0;0;0;0;2;2;0;0;0;2;2;2;2;2;2;2;2;2;2;2;
wa2;13;Substituicao de Hidrometro;0;2;2;2;2;0;0;0;0;0;0;0;2;2;0;0;0;2;2;2;2;2;2;2;2;2;2;2;
wa2;14;Religacao;0;2;2;2;2;0;0;0;0;0;0;0;2;2;0;0;0;2;2;2;2;2;2;2;2;2;2;2;
wa2;15;Remanejamento;0;0;0;0;0;0;0;0;0;0;0;0;0;0;0;0;0;0;0;0;0;0;0;0;0;0;0;0;
wb8;1;Alvenaria;
wb8;2;AplicaÃ§Ã£o da Gram em Placa;
wb8;3;ASFALTO;
wb8;4;Assent. Caixa PlÃ¡stica Cavalete;
wb8;5;Assent. Caixa PlÃ¡stica Garagem;
wb8;6;BLOQUETE;
wb8;7;Ceramica;
wb8;8;Chapisco;
wb8;9;Cimento;
wb8;10;Concreto Estrutural;
wb8;11;Concreto Simples;
wb8;12;Escavação Manual;
wb8;13;Gramagem em Placa;
wb8;14;M. Ferro 80cm;
wb8;15;M.Ferro 50cm;
wb8;16;M.Ferro 60cm;
wb8;17;Manilha 30cm;
wb8;18;Manilha 40cm;
wb8;19;Manilha 50cm;
wb8;20;Manilha 60cm;
wb8;21;Meio Fio;
wb8;22;OUTROS;
wb8;23;PARALELEPIPEDO;
wb8;24;PEDRA TOSCA;
wb8;25;Pintura;
wb8;26;Reboco;
wb8;27;RemoÃ§Ã£o do Material;
wb8;28;Sarjeta;
wb8;29;SOLO BRUTO;
wa3;1;Rede;
wa3;2;Ramal;
wa3;3;Cavalete;
wa1;1;wsilva;Wellington A. Silva;123;
wa1;1;admin;Administrador;admin;
wd1;1;Corte c/ Obstrutor de Vazao no Ramal Exposto;
wd1;2;Corte c/ Obstrutor de Vazao no Ramal nao Exposto;
wd1;3;Corte Simples;
wd1;4;Supressao;
wd2;0;NAO INFORMADO;
wd2;1;ALMOXARIFADO CENTRAL;
wd2;2;ALMOXARIFADO NORTE;
wd2;3;ALMOXARIFADO SUL;
wd2;4;OFICINA CENTRAL;
wd3;0;NAO INFORMADO;
wd3;1;JARDIM;
wd3;2;QUINTAL;
wd3;3;CALCADA;
wd3;4;LATERAL ESQUERDA;
wd3;5;LATERAL DIREITA;
wd3;6;INTERIOR DO IMOVEL;
wd3;7;HALL DO EDIFICIO;
wd3;8;MURO DO IMOVEL;
wd3;9;OUTROS;
wd3;10;PAREDE;
wd3;11;MURETA;
wd3;12;GARAGEM;
wd4;0;SEM PROTECAO;
wd4;1;FERRO FUNDIDO E CAIXA.CONCRETO;
wd4;2;CAIXA PRE-MOLDADA EM CONCRETO;
wd4;3;ALVENARIA COM TAMPA CONCRETO;
wd4;4;ALVENARIA COM TAMPA METALICA;
wd4;5;CAIXA METALICA;
wd4;6;CAIXA DE PAREDE;
wd4;7;OUTROS;
wd4;8;CAIXA PRETA;
wd4;9;CAIXA PLASTICA;
wd5;1;INSTALADO;
wd5;2;EM MANUTENCAO;
wd5;3;DISPONIVEL;
wd5;4;DESMONTADO;
wd5;5;DANIFICADO;
wd5;6;FURTADO;
wd5;7;DESAPARECIDO;
wd5;8;DEF. MECANICO;
wd6;1;INSTALACAO DE HM COM CAIXA PLASTICA SISTEMATICA;
wd6;2;INSTALACAO DE HM COM CAIXA DE GARAGEM SISTEMATICA;
wd6;3;INSTALACAO DE HM COM CAIXA PLASTICA AVULSA;
wd6;4;INSTALACAO DE HM COM CAIXA DE GARAGEM - AVULSA;
wd7;1;SUBSTITUICAO HM COM ADEQUACAO;
wd7;2;SUBSTITUICAO HM COM REMANEJAMENTO DE CAVALETE;
wd7;3;SUBSTITUICAO DE REGISTRO NO CAVALETE;
wd7;4;SUBSTITUICAO HM POR SIMPLES TROCA;
we1;1;FALTA DE PAGAMENTO;
we1;2;A PEDIDO;
we1;3;ACORDO VENCIDO;
we1;4;CHEQUE SEM FUNDO;
we1;5;ACERTO DE CADASTRO;
we1;6;REVISAO DO CORTE;
we1;7;1 REVISAO;
we1;8;2 REVISAO;
we2;1;RELIGACAO SIMPLES;
we2;2;RELIGACAO DA LIGACAO DE AGUA;
we2;3;RELIGACAO COM HM NOVO;
we2;4;RELIGACAO POR SUPRESSAO;
we2;5;RELIGACAO ESPECIAL POR SUPRESSAO;
we2;6;RELIGACAO ESPECIAL POR CORTE;
we2;7;RELIGACAO COM ADEQUACAO;
we2;8;NORMALIZACAO DE LIGACAO;
wa9;1;Equipe 1;xxxxxx;8;
wa9;2;Equipe 2;XXX8888;5;
wa9;3;Equipe 3;XXX7777;4;
wa9;4;Equipe 4;;;
wa9;5;Equipe 5;;;
wa9;6;Equipe 6;;;
wa9;7;Equipe 7;;;
wy1;1;Fluídos;;
wy1;2;Possuí;;
wy1;3;Elétrica;;
wy1;4;Verificar;;
wy1;5;Funilaria e pintura;;
wy2;1;1;Nível do combustível;1;
wy2;2;1;Nível óleo motor;5;
wy2;3;1;Nível óleo de freio;9;
wy2;4;1;Nível óleo hidráulico;13;
wy2;5;1;Nível água do radiador;17;
wy2;6;1;Nível água limpador;21;
wy2;7;2;Placas do veículo;25;
wy2;8;2;Documento de rodagem;29;
wy2;9;2;Cartão de abastecimento;33;
wy2;10;2;Kit manual fabricante;37;
wy2;11;2;Estepe;41;
wy2;12;2;Chave de roda;45;
wy2;13;2;Triangulo;49;
wy2;14;2;GPS;53;
wy2;15;2;Extintor de incêndio;57;
wy2;16;2;Tapetes;61;
wy2;17;3;Iluminação dianteira;65;
wy2;18;3;Iluminação traseira;69;
wy2;19;3;Iluminação interna;73;
wy2;20;3;Painel de instrumentos;77;
wy2;21;3;Buzina;81;
wy2;22;3;Rádio / Som;85;
wy2;23;3;Giroflex;89;
wy2;24;3;Limpador de pára-brisas;93;
wy2;25;4;Bancos;97;
wy2;26;4;Vidros;101;
wy2;27;4;Cintos de segurança;105;
wy2;28;4;Retrovisores;109;
wy2;29;4;Grades;113;
wy2;30;4;Estribos / Frisos;117;
wy2;31;4;Limpeza externa;121;
wy2;32;4;Limpeza interna;125;
wy2;33;4;Pneus;129;
wy2;34;4;Adesivos;133;
wy2;35;4;Purgar balão de ar;137;
wy2;36;5;Dianteira;141;
wy2;37;5;Traseira;145;
wy2;38;5;Lateral esquerda;149;
wy2;39;5;Lateral direita;153;
wy2;40;5;Teto;157;
wy3;1;1;1/4;;
wy3;2;1;2/4;;
wy3;3;1;3/4;;
wy3;4;1;4/4;;
wy3;5;2;Conforme;;
wy3;6;2;Não conforme;;
wy3;7;2;Não aplicável;;
wy3;8;2;Tratativa;;
wy3;9;3;Conforme;;
wy3;10;3;Não conforme;;
wy3;11;3;Não aplicável;;
wy3;12;3;Tratativa;;
wy3;13;4;Conforme;;
wy3;14;4;Não conforme;;
wy3;15;4;Não aplicável;;
wy3;16;4;Tratativa;;
wy3;17;5;Conforme;;
wy3;18;5;Não conforme;;
wy3;19;5;Não aplicável;;
wy3;20;5;Tratativa;;
wy3;21;6;Conforme;;
wy3;22;6;Não conforme;;
wy3;23;6;Não aplicável;;
wy3;24;6;Tratativa;;
wy3;25;7;Conforme;;
wy3;26;7;Não conforme;;
wy3;27;7;Não aplicável;;
wy3;28;7;Tratativa;;
wy3;29;8;Conforme;;
wy3;30;8;Não conforme;;
wy3;31;8;Não aplicável;;
wy3;32;8;Tratativa;;
wy3;33;9;Conforme;;
wy3;34;9;Não conforme;;
wy3;35;9;Não aplicável;;
wy3;36;9;Tratativa;;
wy3;37;10;Conforme;;
wy3;38;10;Não conforme;;
wy3;39;10;Não aplicável;;
wy3;40;10;Tratativa;;
wy3;41;11;Conforme;;
wy3;42;11;Não conforme;;
wy3;43;11;Não aplicável;;
wy3;44;11;Tratativa;;
wy3;45;12;Conforme;;
wy3;46;12;Não conforme;;
wy3;47;12;Não aplicável;;
wy3;48;12;Tratativa;;
wy3;49;13;Conforme;;
wy3;50;13;Não conforme;;
wy3;51;13;Não aplicável;;
wy3;52;13;Tratativa;;
wy3;53;14;Conforme;;
wy3;54;14;Não conforme;;
wy3;55;14;Não aplicável;;
wy3;56;14;Tratativa;;
wy3;57;15;Conforme;;
wy3;58;15;Não conforme;;
wy3;59;15;Não aplicável;;
wy3;60;15;Tratativa;;
wy3;61;16;Conforme;;
wy3;62;16;Não conforme;;
wy3;63;16;Não aplicável;;
wy3;64;16;Tratativa;;
wy3;65;17;Conforme;;
wy3;66;17;Não conforme;;
wy3;67;17;Não aplicável;;
wy3;68;17;Tratativa;;
wy3;69;18;Conforme;;
wy3;70;18;Não conforme;;
wy3;71;18;Não aplicável;;
wy3;72;18;Tratativa;;
wy3;73;19;Conforme;;
wy3;74;19;Não conforme;;
wy3;75;19;Não aplicável;;
wy3;76;19;Tratativa;;
wy3;77;20;Conforme;;
wy3;78;20;Não conforme;;
wy3;79;20;Não aplicável;;
wy3;80;20;Tratativa;;
wy3;81;21;Conforme;;
wy3;82;21;Não conforme;;
wy3;83;21;Não aplicável;;
wy3;84;21;Tratativa;;
wy3;85;22;Conforme;;
wy3;86;22;Não conforme;;
wy3;87;22;Não aplicável;;
wy3;88;22;Tratativa;;
wy3;89;23;Conforme;;
wy3;90;23;Não conforme;;
wy3;91;23;Não aplicável;;
wy3;92;23;Tratativa;;
wy3;93;24;Conforme;;
wy3;94;24;Não conforme;;
wy3;95;24;Não aplicável;;
wy3;96;24;Tratativa;;
wy3;97;25;Conforme;;
wy3;98;25;Não conforme;;
wy3;99;25;Não aplicável;;
wy3;100;25;Tratativa;;
wy3;101;26;Conforme;;
wy3;102;26;Não conforme;;
wy3;103;26;Não aplicável;;
wy3;104;26;Tratativa;;
wy3;105;27;Conforme;;
wy3;106;27;Não conforme;;
wy3;107;27;Não aplicável;;
wy3;108;27;Tratativa;;
wy3;109;28;Conforme;;
wy3;110;28;Não conforme;;
wy3;111;28;Não aplicável;;
wy3;112;28;Tratativa;;
wy3;113;29;Conforme;;
wy3;114;29;Não conforme;;
wy3;115;29;Não aplicável;;
wy3;116;29;Tratativa;;
wy3;117;30;Conforme;;
wy3;118;30;Não conforme;;
wy3;119;30;Não aplicável;;
wy3;120;30;Tratativa;;
wy3;121;31;Conforme;;
wy3;122;31;Não conforme;;
wy3;123;31;Não aplicável;;
wy3;124;31;Tratativa;;
wy3;125;32;Conforme;;
wy3;126;32;Não conforme;;
wy3;127;32;Não aplicável;;
wy3;128;32;Tratativa;;
wy3;129;33;Conforme;;
wy3;130;33;Não conforme;;
wy3;131;33;Não aplicável;;
wy3;132;33;Tratativa;;
wy3;133;34;Conforme;;
wy3;134;34;Não conforme;;
wy3;135;34;Não aplicável;;
wy3;136;34;Tratativa;;
wy3;137;35;Conforme;;
wy3;138;35;Não conforme;;
wy3;139;35;Não aplicável;;
wy3;140;35;Tratativa;;
wy3;141;36;Conforme;;
wy3;142;36;Não conforme;;
wy3;143;36;Não aplicável;;
wy3;144;36;Tratativa;;
wy3;145;37;Conforme;;
wy3;146;37;Não conforme;;
wy3;147;37;Não aplicável;;
wy3;148;37;Tratativa;;
wy3;149;38;Conforme;;
wy3;150;38;Não conforme;;
wy3;151;38;Não aplicável;;
wy3;152;38;Tratativa;;
wy3;153;39;Conforme;;
wy3;154;39;Não conforme;;
wy3;155;39;Não aplicável;;
wy3;156;39;Tratativa;;
wy3;157;40;Conforme;;
wy3;158;40;Não conforme;;
wy3;159;40;Não aplicável;;
wy3;160;40;Tratativa;;
wy5;0;9090;MANAM;9090;9090;NAO INFORMADO;
wy6;0;0;0;0;MAN9090;0;;;NAO INFORMADO;NAO INFORMADO;NAO INFORMADO;
wy4;1;Inciar Atividade;0;0;1;0;0;0;0;0;
wy4;3;DDS;0;0;0;0;0;0;0;0;
wy4;4;Reposição de Material;0;0;0;0;0;0;0;0;
wy4;5;Abastecimento;0;0;0;0;0;0;1;1;
wy4;6;Instrução;0;0;0;0;0;0;0;0;
wy4;7;Espera de Manobra;0;0;0;0;0;0;0;0;
wy4;8;Defeito no Veículo;0;0;0;0;0;0;1;1;
wy4;9;Almoço;0;0;0;0;0;0;1;1;
wy4;10;Apoio a outra equipe;0;0;0;0;0;0;1;1;
wy4;11;Assunto Pessoal;0;0;0;0;0;0;1;1;
wy4;12;Reunião;0;0;0;0;0;0;0;0;
wy4;14;Fim Atividade;0;1;0;1;0;0;0;0;
wy7;1;RUA;
wy7;2;PRACA;
wy7;3;AVENIDA;
wy7;4;ALAMEDA;
wy7;5;LARGO;
wy7;6;VIELA;
wy7;7;VILA;
wy7;8;ESTRADA;
wy7;9;TRAVESSA;
wy7;10;LADEIRA;
wy7;11;PASSAGEM;
wy7;12;BR.;
wy7;13;SITIO;
wy7;14;RODOVIA;
wy7;15;VIA;
